run_started_at_athens,fetched_records,rows_added,csv_updated,success,error,error_message
2026-02-21 20:19:48,0,0,False,True,False,NONE
2026-02-21 22:22:38 +0200,0,0,False,True,False,NONE
2026-02-21 22:23:52 +0200,0,0,False,True,False,NONE
2026-02-21 22:25:38 +0200,0,0,False,True,False,NONE
2026-02-21 22:29:42 +0200,0,0,False,True,False,NONE
2026-02-21 23:53:00 +0200,0,0,False,True,False,NONE
2026-02-21 23:57:56 +0200,0,0,False,True,False,NONE
2026-02-22 06:52:13 +0200,0,0,False,True,False,NONE
2026-02-22 08:40:25 +0200,0,0,False,True,False,NONE
2026-02-23 07:02:15 +0200,0,0,False,True,False,NONE
2026-02-24 00:53:05 +0200,0,0,False,True,False,NONE
2026-02-24 00:56:01 +0200,0,0,False,True,False,NONE
2026-02-24 06:55:47 +0200,0,0,False,True,False,NONE
2026-02-24 20:10:11 +0200,9,0,False,False,True,TypeError: unhashable type: 'list'
2026-02-24 20:12:06 +0200,9,9,True,True,False,NONE
2026-02-24 20:16:23 +0200,0,0,False,True,False,NONE
2026-02-25 06:56:45 +0200,0,0,False,True,False,NONE
2026-02-25 09:32:49 +0200,1,0,False,False,True,"TypeError: Invalid value '2' for dtype 'str'. Value should be a string or missing value, got 'int' instead."
2026-02-25 09:34:30 +0200,1,1,True,True,False,NONE
2026-02-25 16:16:04 +0200,14,14,True,True,False,NONE
2026-02-26 06:54:12 +0200,0,0,False,True,False,NONE
2026-02-27 06:49:05 +0200,12,12,True,True,False,NONE
2026-02-27 11:23:20 +0200,7,7,True,True,False,NONE
2026-02-27 21:45:13 +0200,23,23,True,True,False,NONE
2026-02-28 06:18:14 +0200,0,0,False,True,False,NONE
2026-02-28 13:22:47 +0200,1,1,True,True,False,NONE
2026-02-28 20:31:58 +0200,0,0,False,True,False,NONE
2026-03-01 06:58:03 +0200,0,0,False,True,False,NONE
2026-03-02 06:51:53 +0200,0,0,False,True,False,NONE
2026-03-02 14:25:50 +0200,7,7,True,True,False,NONE
2026-03-02 22:22:44 +0200,0,0,False,True,False,NONE
2026-03-03 06:50:37 +0200,0,0,False,True,False,NONE
2026-03-03 12:53:21 +0200,6,6,True,True,False,NONE
2026-03-03 13:02:09 +0200,1,1,True,True,False,NONE
2026-03-03 13:05:58 +0200,0,0,False,True,False,NONE
2026-03-04 06:44:06 +0200,0,0,False,False,True,HTTPError: 502 Server Error: Bad Gateway for url: https://diavgeia.gov.gr/luminapi/api/search?q=q%3A%5B%22%CF%80%CF%85%CF%81%CE%BF%CF%80%CF%81%CE%BF%CF%83%CF%84%22%2C+%22%CE%B1%CF%80%CE%BF%CF%88%CE%B9%CE%BB%22%2C+%22%CE%B4%CE%B1%CF%83%CE%BF%CF%80%CF%81%CE%BF%CF%83%CF%84%22%2C+%22%CE%B1%CE%BD%CF%84%CE%B9%CF%80%CF%85%CF%81%22%5D&sort=recent&size=100&page=0&fq=submissionTimestamp%3A%5BDT%282026-03-03T13%3A02%3A03%29+TO+DT%282026-03-04T23%3A59%3A59%29%5D
2026-03-04 20:44:18 +0200,20,20,True,True,False,NONE
2026-03-05 06:48:18 +0200,0,0,False,True,False,NONE
2026-03-05 18:16:02 +0200,11,11,True,True,False,NONE
2026-03-06 06:45:34 +0200,0,0,False,True,False,NONE
2026-03-06 16:24:33 +0200,6,6,True,True,False,NONE
2026-03-06 22:51:34 +0200,2,2,True,True,False,NONE
2026-03-07 06:24:19 +0200,0,0,False,True,False,NONE
2026-03-08 06:46:35 +0200,0,0,False,True,False,NONE
2026-03-08 09:37:58 +0200,0,0,False,True,False,NONE
2026-03-08 17:23:35 +0200,0,0,False,True,False,NONE
2026-03-08 21:13:55 +0200,0,0,False,True,False,NONE
2026-03-08 22:04:30 +0200,0,0,False,True,False,NONE
2026-03-09 07:57:42 +0200,0,0,False,True,False,NONE
2026-03-09 10:43:22 +0200,2,2,True,True,False,NONE
2026-03-09 16:50:36 +0200,3,3,True,True,False,NONE
2026-03-09 20:52:43 +0200,0,0,False,True,False,NONE
2026-03-10 07:44:51 +0200,0,0,False,True,False,NONE
2026-03-10 10:40:55 +0200,4,4,True,True,False,NONE
2026-03-10 20:45:58 +0200,6,6,True,True,False,NONE
2026-03-10 21:34:51 +0200,0,0,False,True,False,NONE
2026-03-10 21:51:33 +0200,0,0,False,True,False,NONE
2026-03-10 22:01:02 +0200,0,0,False,True,False,NONE
2026-03-11 10:40:08 +0200,1,1,True,True,False,NONE
2026-03-11 16:44:35 +0200,7,7,True,True,False,NONE
2026-03-11 20:53:19 +0200,0,0,False,True,False,NONE
2026-03-12 07:51:33 +0200,0,0,False,True,False,NONE
2026-03-12 10:41:52 +0200,1,1,True,True,False,NONE
2026-03-12 16:48:39 +0200,14,14,True,True,False,NONE
2026-03-12 20:53:36 +0200,0,0,False,True,False,NONE
2026-03-13 07:48:18 +0200,2,2,True,True,False,NONE
2026-03-13 10:38:46 +0200,4,4,True,True,False,NONE
2026-03-13 11:41:07 +0200,0,0,False,True,False,NONE
2026-03-13 16:41:48 +0200,5,5,True,True,False,NONE
2026-03-13 20:40:38 +0200,0,0,False,True,False,NONE
2026-03-14 10:34:31 +0200,0,0,False,True,False,NONE
2026-03-14 11:39:25 +0200,0,0,False,True,False,NONE
2026-03-14 14:08:58 +0200,0,0,False,True,False,NONE
2026-03-14 14:13:19 +0200,0,0,False,True,False,NONE
2026-03-14 16:28:16 +0200,0,0,False,True,False,NONE
2026-03-14 21:13:13 +0200,0,0,False,True,False,NONE
2026-03-15 08:05:22 +0200,0,0,False,True,False,NONE
2026-03-15 10:36:12 +0200,0,0,False,True,False,NONE
2026-03-15 16:29:47 +0200,0,0,False,True,False,NONE
2026-03-15 20:38:30 +0200,0,0,False,True,False,NONE
2026-03-16 08:20:29 +0200,0,0,False,True,False,NONE
2026-03-16 10:56:07 +0200,3,3,True,True,False,NONE
2026-03-16 16:59:28 +0200,12,12,True,True,False,NONE
2026-03-16 18:31:50 +0200,0,0,False,True,False,NONE
2026-03-16 21:00:30 +0200,0,0,False,True,False,NONE
2026-03-16 21:25:18 +0200,0,0,False,True,False,NONE
2026-03-17 00:21:28 +0200,0,0,False,True,False,NONE
2026-03-17 07:59:01 +0200,0,0,False,True,False,NONE
2026-03-17 16:56:13 +0200,14,14,True,True,False,NONE
2026-03-17 21:01:04 +0200,1,1,True,True,False,NONE
2026-03-18 08:03:06 +0200,0,0,False,True,False,NONE
2026-03-18 10:49:14 +0200,2,2,True,True,False,NONE
2026-03-18 17:02:37 +0200,3,3,True,True,False,NONE
2026-03-18 20:58:29 +0200,0,0,False,True,False,NONE
2026-03-19 07:58:07 +0200,0,0,False,True,False,NONE
2026-03-19 10:41:19 +0200,5,5,True,True,False,NONE
2026-03-19 16:46:01 +0200,9,9,True,True,False,NONE
2026-03-19 20:57:56 +0200,0,0,False,True,False,NONE
2026-03-20 07:52:16 +0200,3,3,True,True,False,NONE
2026-03-20 10:39:41 +0200,5,5,True,True,False,NONE
2026-03-20 16:42:13 +0200,8,8,True,True,False,NONE
2026-03-20 20:48:39 +0200,0,0,False,True,False,NONE
2026-03-21 07:40:31 +0200,0,0,False,True,False,NONE
2026-03-21 10:32:42 +0200,0,0,False,True,False,NONE
2026-03-21 16:26:26 +0200,0,0,False,True,False,NONE
2026-03-21 20:35:49 +0200,0,0,False,True,False,NONE
2026-03-21 23:35:35 +0200,0,0,False,True,False,NONE
2026-03-22 07:53:36 +0200,0,0,False,True,False,NONE
2026-03-22 10:34:07 +0200,0,0,False,True,False,NONE
2026-03-22 16:10:37 +0200,0,0,False,True,False,NONE
2026-03-22 16:27:55 +0200,0,0,False,True,False,NONE
2026-03-22 20:36:50 +0200,0,0,False,True,False,NONE
2026-03-23 08:10:54 +0200,0,0,False,True,False,NONE
2026-03-23 10:55:13 +0200,1,1,True,True,False,NONE
2026-03-23 16:54:27 +0200,9,9,True,True,False,NONE
2026-03-23 20:54:10 +0200,0,0,False,True,False,NONE
2026-03-24 07:59:32 +0200,0,0,False,True,False,NONE
2026-03-24 10:53:13 +0200,5,5,True,True,False,NONE
2026-03-24 17:01:40 +0200,7,7,True,True,False,NONE
2026-03-24 21:02:14 +0200,1,1,True,True,False,NONE
2026-03-25 08:00:31 +0200,0,0,False,True,False,NONE
2026-03-25 10:51:51 +0200,0,0,False,True,False,NONE
2026-03-25 11:22:53 +0200,0,0,False,True,False,NONE
2026-03-25 12:47:44 +0200,0,0,False,True,False,NONE
2026-03-25 16:58:48 +0200,0,0,False,True,False,NONE
2026-03-25 20:55:47 +0200,0,0,False,True,False,NONE
2026-03-26 08:15:05 +0200,0,0,False,True,False,NONE
2026-03-26 10:55:29 +0200,7,7,True,True,False,NONE
2026-03-26 17:04:12 +0200,9,9,True,True,False,NONE
2026-03-26 21:04:18 +0200,0,0,False,True,False,NONE
2026-03-27 08:13:13 +0200,0,0,False,True,False,NONE
2026-03-27 10:52:48 +0200,10,10,True,True,False,NONE
2026-03-27 16:49:55 +0200,7,7,True,True,False,NONE
2026-03-27 20:55:26 +0200,1,1,True,True,False,NONE
2026-03-27 23:58:14 +0200,0,0,False,True,False,NONE
2026-03-28 07:56:56 +0200,0,0,False,True,False,NONE
2026-03-28 10:38:49 +0200,0,0,False,True,False,NONE
2026-03-28 13:56:39 +0200,0,0,False,True,False,NONE
2026-03-28 16:31:51 +0200,0,0,False,True,False,NONE
2026-03-28 20:39:46 +0200,0,0,False,True,False,NONE
2026-03-29 09:11:58 +0300,1,1,True,True,False,NONE
2026-03-29 11:39:28 +0300,0,0,False,True,False,NONE
2026-03-29 18:10:03 +0300,0,0,False,True,False,NONE
2026-03-29 18:25:17 +0300,0,0,False,True,False,NONE
2026-03-29 21:41:24 +0300,0,0,False,True,False,NONE
2026-03-30 09:29:55 +0300,1,1,True,True,False,NONE
2026-03-30 12:11:27 +0300,6,6,True,True,False,NONE
2026-03-30 18:03:04 +0300,10,10,True,True,False,NONE
2026-03-30 21:58:41 +0300,0,0,False,True,False,NONE
2026-03-31 11:49:43 +0300,8,8,True,True,False,NONE
2026-03-31 11:58:50 +0300,1,1,True,True,False,NONE
2026-03-31 18:01:47 +0300,7,7,True,True,False,NONE
2026-03-31 22:11:56 +0300,0,0,False,True,False,NONE
2026-04-01 09:26:25 +0300,2,2,True,True,False,NONE
2026-04-01 12:03:34 +0300,2,2,True,True,False,NONE
2026-04-01 18:04:03 +0300,4,4,True,True,False,NONE
2026-04-01 22:00:58 +0300,0,0,False,True,False,NONE
2026-04-02 09:12:16 +0300,1,1,True,True,False,NONE
2026-04-02 11:55:59 +0300,1,1,True,True,False,NONE
2026-04-02 17:55:38 +0300,6,6,True,True,False,NONE
2026-04-02 21:56:31 +0300,0,0,False,True,False,NONE
2026-04-02 22:15:07 +0300,0,0,False,True,False,NONE
2026-04-03 09:12:33 +0300,0,0,False,True,False,NONE
2026-04-03 11:53:25 +0300,14,14,True,True,False,NONE
2026-04-03 17:41:48 +0300,13,13,True,True,False,NONE
2026-04-03 19:11:07 +0300,0,0,False,True,False,NONE
2026-04-04 08:56:49 +0300,0,0,False,True,False,NONE
2026-04-04 11:40:16 +0300,0,0,False,True,False,NONE
2026-04-04 17:33:19 +0300,1,1,True,True,False,NONE
2026-04-04 21:41:30 +0300,2,2,True,True,False,NONE
2026-04-05 09:14:27 +0300,0,0,False,True,False,NONE
2026-04-05 11:42:26 +0300,0,0,False,True,False,NONE
2026-04-06 11:07:13 +0300,5,5,True,True,False,NONE
2026-04-06 11:29:26 +0300,3,3,True,True,False,NONE
2026-04-06 11:37:22 +0300,0,0,False,True,False,NONE
2026-04-06 12:07:55 +0300,1,1,True,True,False,NONE
2026-04-06 17:45:37 +0300,4,4,True,True,False,NONE
2026-04-06 21:58:29 +0300,2,2,True,True,False,NONE
2026-04-07 09:20:46 +0300,0,0,False,True,False,NONE
2026-04-07 12:01:41 +0300,4,4,True,True,False,NONE
2026-04-07 18:07:27 +0300,12,12,True,True,False,NONE
2026-04-07 22:02:37 +0300,1,1,True,True,False,NONE
2026-04-08 09:22:46 +0300,0,0,False,True,False,NONE
2026-04-08 12:00:16 +0300,5,5,True,True,False,NONE
2026-04-08 18:09:49 +0300,9,9,True,True,False,NONE
2026-04-08 22:15:13 +0300,0,0,False,True,False,NONE
2026-04-09 09:25:02 +0300,2,2,True,True,False,NONE
2026-04-09 12:06:58 +0300,5,5,True,True,False,NONE
2026-04-09 18:22:27 +0300,0,0,False,True,False,NONE
2026-04-09 22:07:12 +0300,0,0,False,True,False,NONE
2026-04-10 09:53:17 +0300,0,0,False,True,False,NONE
2026-04-10 12:08:24 +0300,0,0,False,True,False,NONE
2026-04-10 17:47:39 +0300,0,0,False,True,False,NONE
2026-04-10 21:52:41 +0300,0,0,False,True,False,NONE
2026-04-11 09:00:44 +0300,0,0,False,True,False,NONE
2026-04-11 11:41:31 +0300,0,0,False,True,False,NONE
2026-04-11 17:36:49 +0300,0,0,False,True,False,NONE
2026-04-11 21:42:54 +0300,0,0,False,True,False,NONE
2026-04-12 09:23:50 +0300,0,0,False,True,False,NONE
2026-04-12 11:46:34 +0300,0,0,False,True,False,NONE
2026-04-12 17:39:23 +0300,0,0,False,True,False,NONE
2026-04-12 21:47:43 +0300,0,0,False,True,False,NONE
2026-04-13 10:13:53 +0300,0,0,False,True,False,NONE
2026-04-13 12:54:30 +0300,0,0,False,True,False,NONE
2026-04-13 18:15:29 +0300,0,0,False,True,False,NONE
2026-04-13 22:13:44 +0300,0,0,False,True,False,NONE
2026-04-14 09:52:54 +0300,0,0,False,True,False,NONE
2026-04-14 12:17:15 +0300,2,2,True,True,False,NONE
2026-04-14 18:20:18 +0300,5,5,True,True,False,NONE
2026-04-14 22:14:24 +0300,0,0,False,True,False,NONE
2026-04-15 09:54:32 +0300,0,0,False,True,False,NONE
2026-04-15 12:18:50 +0300,2,2,True,True,False,NONE
2026-04-15 18:05:22 +0300,4,4,True,True,False,NONE
2026-04-15 22:16:34 +0300,1,1,True,True,False,NONE
2026-04-16 09:57:04 +0300,1,1,True,True,False,NONE
2026-04-16 12:18:33 +0300,1,1,True,True,False,NONE
2026-04-16 18:25:41 +0300,5,5,True,True,False,NONE
2026-04-16 21:54:44 +0300,1,1,True,True,False,NONE
2026-04-16 22:12:18 +0300,0,0,False,True,False,NONE
2026-04-17 09:57:58 +0300,0,0,False,True,False,NONE
2026-04-17 12:16:56 +0300,0,0,False,True,False,NONE
2026-04-17 17:55:01 +0300,12,12,True,True,False,NONE
2026-04-17 21:59:34 +0300,0,0,False,True,False,NONE
2026-04-18 09:13:37 +0300,0,0,False,True,False,NONE
2026-04-18 11:49:44 +0300,0,0,False,True,False,NONE
2026-04-18 17:39:01 +0300,0,0,False,True,False,NONE
2026-04-18 21:51:02 +0300,0,0,False,True,False,NONE
2026-04-19 09:28:25 +0300,0,0,False,True,False,NONE
2026-04-19 11:53:38 +0300,0,0,False,True,False,NONE
2026-04-19 17:39:49 +0300,0,0,False,True,False,NONE
2026-04-19 21:50:58 +0300,0,0,False,True,False,NONE
2026-04-20 10:15:50 +0300,5,5,True,True,False,NONE
2026-04-20 12:58:28 +0300,2,2,True,True,False,NONE
2026-04-20 18:16:18 +0300,2,2,True,True,False,NONE
2026-04-20 22:04:22 +0300,0,0,False,True,False,NONE
2026-04-21 09:58:49 +0300,0,0,False,True,False,NONE
2026-04-21 10:36:01 +0300,0,0,False,True,False,NONE
2026-04-21 12:25:37 +0300,5,5,True,True,False,NONE
2026-04-21 12:58:51 +0300,1,1,True,True,False,NONE
2026-04-21 13:02:50 +0300,0,0,False,True,False,NONE
2026-04-21 15:43:27 +0300,2,2,True,True,False,NONE
2026-04-21 18:12:44 +0300,0,0,False,True,False,NONE
2026-04-21 22:10:18 +0300,0,0,False,True,False,NONE
2026-04-22 09:59:31 +0300,0,0,False,True,False,NONE
2026-04-22 12:20:18 +0300,9,9,True,True,False,NONE
2026-04-22 18:13:04 +0300,8,8,True,True,False,NONE
2026-04-22 22:12:09 +0300,0,0,False,True,False,NONE
2026-04-22 23:49:04 +0300,0,0,False,True,False,NONE
2026-04-23 10:01:00 +0300,2,2,True,True,False,NONE
2026-04-23 12:27:28 +0300,6,6,True,True,False,NONE
2026-04-23 18:52:31 +0300,7,7,True,True,False,NONE
2026-04-23 22:10:38 +0300,0,0,False,True,False,NONE
2026-04-23 23:10:40 +0300,0,0,False,True,False,NONE
2026-04-24 09:11:42 +0300,1,1,True,True,False,NONE
2026-04-24 10:04:23 +0300,0,0,False,True,False,NONE
2026-04-24 12:44:52 +0300,6,6,True,True,False,NONE
2026-04-24 14:07:19 +0300,3,3,True,True,False,NONE
2026-04-24 18:07:39 +0300,2,2,True,True,False,NONE
2026-04-24 21:50:10 +0300,0,0,False,True,False,NONE
2026-04-25 08:20:21 +0300,0,0,False,True,False,NONE
2026-04-25 09:20:47 +0300,0,0,False,True,False,NONE
2026-04-25 11:52:11 +0300,0,0,False,True,False,NONE
2026-04-25 17:41:06 +0300,0,0,False,True,False,NONE
2026-04-25 21:52:16 +0300,0,0,False,True,False,NONE
2026-04-26 09:59:06 +0300,0,0,False,True,False,NONE
2026-04-26 11:59:59 +0300,0,0,False,True,False,NONE
2026-04-26 17:42:18 +0300,0,0,False,True,False,NONE
2026-04-26 21:53:37 +0300,0,0,False,True,False,NONE
2026-04-27 10:34:24 +0300,2,2,True,True,False,NONE
2026-04-27 13:14:09 +0300,2,2,True,True,False,NONE
2026-04-27 18:47:51 +0300,1,1,True,True,False,NONE
2026-04-27 22:19:55 +0300,0,0,False,True,False,NONE
2026-04-28 10:31:17 +0300,4,4,True,True,False,NONE
2026-04-28 13:12:56 +0300,2,2,True,True,False,NONE
2026-04-28 17:48:50 +0300,4,4,True,True,False,NONE
2026-04-28 18:00:47 +0300,1,1,True,True,False,NONE
2026-04-29 08:45:01 +0300,1,1,True,True,False,NONE
2026-04-29 10:55:38 +0300,1,1,True,True,False,NONE
2026-04-29 13:46:08 +0300,6,6,True,True,False,NONE
2026-04-29 18:01:49 +0300,6,6,True,True,False,NONE
2026-04-30 08:48:50 +0300,2,2,True,True,False,NONE
2026-04-30 10:58:05 +0300,8,8,True,True,False,NONE
2026-04-30 11:45:37 +0300,0,0,False,True,False,NONE
2026-04-30 13:44:52 +0300,1,1,True,True,False,NONE
2026-04-30 15:07:44 +0300,1,1,True,True,False,NONE
2026-04-30 17:57:27 +0300,0,0,False,True,False,NONE
2026-05-01 08:58:48 +0300,0,0,False,True,False,NONE
2026-05-01 11:06:54 +0300,0,0,False,True,False,NONE
2026-05-01 13:14:41 +0300,0,0,False,True,False,NONE
2026-05-01 17:12:46 +0300,0,0,False,True,False,NONE
2026-05-02 08:28:38 +0300,0,0,False,True,False,NONE
2026-05-02 10:18:24 +0300,0,0,False,True,False,NONE
2026-05-02 12:52:02 +0300,0,0,False,True,False,NONE
2026-05-02 17:03:54 +0300,0,0,False,True,False,NONE
2026-05-03 08:49:07 +0300,0,0,False,True,False,NONE
2026-05-03 10:44:02 +0300,0,0,False,True,False,NONE
2026-05-03 12:58:23 +0300,0,0,False,True,False,NONE
2026-05-03 17:04:46 +0300,0,0,False,True,False,NONE
2026-05-04 08:54:08 +0300,5,5,True,True,False,NONE
2026-05-04 11:12:08 +0300,5,5,True,True,False,NONE
2026-05-04 13:53:50 +0300,10,10,True,True,False,NONE
2026-05-04 18:01:30 +0300,3,3,True,True,False,NONE
2026-05-04 20:03:27 +0300,0,0,False,True,False,NONE
2026-05-05 08:33:19 +0300,2,2,True,True,False,NONE
2026-05-05 10:51:49 +0300,3,3,True,True,False,NONE
2026-05-05 13:27:58 +0300,4,4,True,True,False,NONE
2026-05-06 08:47:51 +0300,7,7,True,True,False,NONE
2026-05-06 13:54:16 +0300,13,13,True,True,False,NONE
2026-05-06 18:19:23 +0300,2,2,True,True,False,NONE
2026-05-07 08:51:44 +0300,2,2,True,True,False,NONE
2026-05-07 11:13:00 +0300,7,7,True,True,False,NONE
2026-05-07 13:58:02 +0300,5,5,True,True,False,NONE
2026-05-07 18:24:52 +0300,3,3,True,True,False,NONE
2026-05-08 08:21:24 +0300,0,0,False,True,False,NONE
2026-05-08 10:13:40 +0300,2,2,True,True,False,NONE
2026-05-08 13:15:00 +0300,6,6,True,True,False,NONE
2026-05-08 17:29:50 +0300,5,5,True,True,False,NONE
2026-05-09 08:39:17 +0300,1,1,True,True,False,NONE
2026-05-09 10:29:51 +0300,0,0,False,True,False,NONE
2026-05-09 12:59:50 +0300,0,0,False,True,False,NONE
2026-05-09 17:12:22 +0300,0,0,False,True,False,NONE
2026-05-10 08:54:30 +0300,0,0,False,True,False,NONE
2026-05-10 10:52:34 +0300,0,0,False,True,False,NONE
2026-05-10 13:05:22 +0300,0,0,False,True,False,NONE
2026-05-10 17:15:17 +0300,0,0,False,True,False,NONE
2026-05-11 09:26:38 +0300,4,4,True,True,False,NONE
2026-05-11 14:54:57 +0300,11,11,True,True,False,NONE
2026-05-11 18:51:51 +0300,1,1,True,True,False,NONE
2026-05-12 08:57:04 +0300,0,0,False,True,False,NONE
2026-05-12 11:24:28 +0300,3,3,True,True,False,NONE
2026-05-12 14:09:52 +0300,2,2,True,True,False,NONE
2026-05-12 18:38:17 +0300,2,2,True,True,False,NONE
2026-05-13 09:16:08 +0300,0,0,False,True,False,NONE
2026-05-13 14:23:26 +0300,12,12,True,True,False,NONE
2026-05-13 18:41:15 +0300,1,1,True,True,False,NONE
2026-05-14 09:14:15 +0300,2,2,True,True,False,NONE
2026-05-14 14:07:40 +0300,7,7,True,True,False,NONE
2026-05-14 18:13:25 +0300,3,3,True,True,False,NONE
2026-05-15 09:22:31 +0300,2,2,True,True,False,NONE
2026-05-15 14:10:36 +0300,8,8,True,True,False,NONE
2026-05-15 18:09:38 +0300,4,4,True,True,False,NONE
2026-05-16 08:44:37 +0300,0,0,False,True,False,NONE
2026-05-16 10:45:11 +0300,0,0,False,True,False,NONE
2026-05-16 13:06:59 +0300,0,0,False,True,False,NONE
2026-05-16 17:17:08 +0300,0,0,False,True,False,NONE
2026-05-17 09:11:42 +0300,0,0,False,True,False,NONE
2026-05-17 13:16:10 +0300,0,0,False,True,False,NONE
2026-05-17 17:19:22 +0300,0,0,False,True,False,NONE
2026-05-18 09:42:39 +0300,1,1,True,True,False,NONE
2026-05-18 15:19:21 +0300,5,5,True,True,False,NONE
2026-05-18 19:17:05 +0300,1,1,True,True,False,NONE
2026-05-19 09:37:37 +0300,3,3,True,True,False,NONE
2026-05-19 14:53:03 +0300,8,8,True,True,False,NONE
2026-05-19 19:13:41 +0300,0,0,False,True,False,NONE
2026-05-20 09:37:49 +0300,0,0,False,True,False,NONE
2026-05-20 14:41:15 +0300,13,13,True,True,False,NONE
2026-05-20 19:20:20 +0300,4,4,True,True,False,NONE
2026-05-21 09:40:37 +0300,3,3,True,True,False,NONE
2026-05-21 15:00:07 +0300,10,10,True,True,False,NONE
2026-05-21 19:11:53 +0300,0,0,False,True,False,NONE
2026-05-22 09:37:17 +0300,1,1,True,True,False,NONE
2026-05-22 14:36:58 +0300,8,8,True,True,False,NONE
2026-05-22 18:43:58 +0300,1,1,True,True,False,NONE
2026-05-23 08:57:20 +0300,0,0,False,True,False,NONE
2026-05-23 11:07:01 +0300,0,0,False,True,False,NONE
2026-05-23 13:19:53 +0300,0,0,False,True,False,NONE
2026-05-23 17:24:28 +0300,0,0,False,True,False,NONE
2026-05-24 09:25:55 +0300,0,0,False,True,False,NONE
2026-05-24 13:25:21 +0300,0,0,False,True,False,NONE
2026-05-24 17:19:48 +0300,0,0,False,True,False,NONE
2026-05-25 09:59:25 +0300,3,3,True,True,False,NONE
2026-05-25 15:16:38 +0300,23,23,True,True,False,NONE
2026-05-25 18:45:26 +0300,0,0,False,True,False,NONE
2026-05-26 09:36:12 +0300,4,4,True,True,False,NONE
2026-05-26 19:19:37 +0300,3,3,True,True,False,NONE
2026-05-26 19:35:48 +0300,0,0,False,True,False,NONE
2026-05-26 20:09:29 +0300,0,0,False,True,False,NONE
2026-05-27 09:52:51 +0300,2,2,True,True,False,NONE
2026-05-27 15:09:48 +0300,8,8,True,True,False,NONE
2026-05-27 19:31:14 +0300,0,0,False,True,False,NONE
2026-05-28 09:42:04 +0300,4,4,True,True,False,NONE
2026-05-28 15:18:23 +0300,19,19,True,True,False,NONE
2026-05-28 19:46:53 +0300,3,3,True,True,False,NONE
2026-05-29 09:44:02 +0300,1,1,True,True,False,NONE
2026-05-29 15:00:56 +0300,11,11,True,True,False,NONE
2026-05-29 19:33:51 +0300,0,0,False,True,False,NONE
2026-05-30 09:13:18 +0300,1,1,True,True,False,NONE
2026-05-30 13:42:39 +0300,0,0,False,True,False,NONE
2026-05-30 17:22:40 +0300,0,0,False,True,False,NONE
2026-05-31 09:45:00 +0300,0,0,False,True,False,NONE
2026-05-31 13:51:07 +0300,0,0,False,True,False,NONE
2026-05-31 17:25:15 +0300,0,0,False,True,False,NONE
2026-06-01 11:17:58 +0300,0,0,False,True,False,NONE
2026-06-01 17:44:20 +0300,1,1,True,True,False,NONE
2026-06-02 10:14:59 +0300,4,4,True,True,False,NONE
2026-06-02 15:33:09 +0300,8,8,True,True,False,NONE
2026-06-02 20:14:02 +0300,1,1,True,True,False,NONE
2026-06-03 10:29:07 +0300,8,8,True,True,False,NONE
2026-06-03 16:04:25 +0300,9,9,True,True,False,NONE
2026-06-03 22:38:19 +0300,2,2,True,True,False,NONE
2026-06-03 23:06:46 +0300,0,0,False,True,False,NONE
2026-06-04 07:01:45 +0300,0,0,False,True,False,NONE
2026-06-04 09:01:41 +0300,1,1,True,True,False,NONE
2026-06-04 11:02:00 +0300,8,8,True,True,False,NONE
2026-06-04 12:25:33 +0300,4,4,True,True,False,NONE
2026-06-04 14:01:45 +0300,2,2,True,True,False,NONE
2026-06-04 18:01:45 +0300,2,2,True,True,False,NONE
2026-06-05 07:01:44 +0300,1,1,True,True,False,NONE
2026-06-05 09:01:39 +0300,1,1,True,True,False,NONE
2026-06-05 11:01:47 +0300,5,5,True,True,False,NONE
2026-06-05 14:01:48 +0300,10,10,True,True,False,NONE
2026-06-05 18:01:56 +0300,4,4,True,True,False,NONE
2026-06-06 07:01:47 +0300,0,0,False,True,False,NONE
2026-06-06 09:01:42 +0300,0,0,False,True,False,NONE
2026-06-06 11:01:40 +0300,1,1,True,True,False,NONE
2026-06-06 14:01:46 +0300,0,0,False,True,False,NONE
2026-06-06 18:01:41 +0300,0,0,False,True,False,NONE
2026-06-07 07:01:44 +0300,0,0,False,True,False,NONE
2026-06-07 09:01:47 +0300,0,0,False,True,False,NONE
2026-06-07 11:01:40 +0300,0,0,False,True,False,NONE
2026-06-07 14:01:47 +0300,0,0,False,True,False,NONE
2026-06-07 18:01:45 +0300,0,0,False,True,False,NONE
2026-06-08 07:01:39 +0300,0,0,False,True,False,NONE
2026-06-08 09:01:47 +0300,3,3,True,True,False,NONE
2026-06-08 11:01:56 +0300,4,4,True,True,False,NONE
2026-06-08 14:01:43 +0300,4,4,True,True,False,NONE
2026-06-08 18:01:56 +0300,3,3,True,True,False,NONE
2026-06-08 21:39:59 +0300,0,0,False,True,False,NONE
2026-06-09 07:01:37 +0300,0,0,False,True,False,NONE
2026-06-09 09:01:59 +0300,3,3,True,True,False,NONE
2026-06-09 11:01:47 +0300,6,6,True,True,False,NONE
2026-06-09 14:01:55 +0300,10,10,True,True,False,NONE
2026-06-10 07:01:42 +0300,4,4,True,True,False,NONE
2026-06-10 09:01:52 +0300,2,2,True,True,False,NONE
2026-06-10 11:01:49 +0300,5,5,True,True,False,NONE
2026-06-10 14:01:54 +0300,7,7,True,True,False,NONE
2026-06-10 18:01:52 +0300,11,11,True,True,False,NONE
2026-06-11 07:01:37 +0300,0,0,False,True,False,NONE
2026-06-11 09:01:43 +0300,4,4,True,True,False,NONE
2026-06-11 11:01:57 +0300,4,4,True,True,False,NONE
2026-06-11 14:01:47 +0300,8,8,True,True,False,NONE
2026-06-11 18:01:56 +0300,2,2,True,True,False,NONE
2026-06-12 07:01:37 +0300,0,0,False,True,False,NONE
2026-06-12 09:01:38 +0300,1,1,True,True,False,NONE
2026-06-12 11:01:39 +0300,2,2,True,True,False,NONE
2026-06-12 14:01:46 +0300,9,9,True,True,False,NONE
2026-06-12 18:01:53 +0300,7,7,True,True,False,NONE
2026-06-13 07:01:49 +0300,0,0,False,True,False,NONE
2026-06-13 09:01:52 +0300,0,0,False,True,False,NONE
2026-06-13 11:02:09 +0300,0,0,False,True,False,NONE
2026-06-13 14:01:47 +0300,0,0,False,True,False,NONE
2026-06-13 18:01:50 +0300,0,0,False,True,False,NONE
2026-06-14 07:01:42 +0300,0,0,False,True,False,NONE
2026-06-14 09:01:51 +0300,1,1,True,True,False,NONE
2026-06-14 11:02:02 +0300,1,1,True,True,False,NONE
2026-06-14 14:01:55 +0300,0,0,False,True,False,NONE
2026-06-14 18:01:52 +0300,0,0,False,True,False,NONE
2026-06-15 07:01:53 +0300,0,0,False,True,False,NONE
2026-06-15 09:01:52 +0300,0,0,False,True,False,NONE
2026-06-15 11:01:49 +0300,2,2,True,True,False,NONE
2026-06-15 14:02:02 +0300,7,7,True,True,False,NONE
2026-06-15 18:02:04 +0300,2,2,True,True,False,NONE
2026-06-16 07:01:45 +0300,0,0,False,True,False,NONE
2026-06-16 09:01:46 +0300,1,1,True,True,False,NONE
2026-06-16 11:01:54 +0300,3,3,True,True,False,NONE
2026-06-16 14:02:03 +0300,13,13,True,True,False,NONE
2026-06-16 18:02:11 +0300,1,1,True,True,False,NONE
2026-06-17 07:01:48 +0300,0,0,False,True,False,NONE
2026-06-17 09:01:51 +0300,0,0,False,True,False,NONE
2026-06-17 11:02:10 +0300,9,9,True,True,False,NONE
2026-06-17 14:02:03 +0300,5,5,True,True,False,NONE
2026-06-17 18:01:58 +0300,4,4,True,True,False,NONE
2026-06-18 07:01:41 +0300,1,1,True,True,False,NONE
2026-06-18 09:01:52 +0300,4,4,True,True,False,NONE
2026-06-18 11:01:57 +0300,5,5,True,True,False,NONE
2026-06-18 14:01:50 +0300,6,6,True,True,False,NONE
2026-06-18 18:01:57 +0300,1,1,True,True,False,NONE
2026-06-19 07:01:49 +0300,5,5,True,True,False,NONE
2026-06-19 09:01:54 +0300,2,2,True,True,False,NONE
2026-06-19 11:01:53 +0300,1,1,True,True,False,NONE
2026-06-19 12:02:24 +0300,6,6,True,True,False,NONE
2026-06-19 14:02:03 +0300,4,4,True,True,False,NONE
2026-06-19 18:01:51 +0300,4,4,True,True,False,NONE
2026-06-20 07:01:44 +0300,0,0,False,True,False,NONE
2026-06-20 09:01:47 +0300,0,0,False,True,False,NONE
2026-06-20 11:01:54 +0300,0,0,False,True,False,NONE
2026-06-20 14:01:51 +0300,1,1,True,True,False,NONE
2026-06-20 18:01:55 +0300,0,0,False,True,False,NONE
2026-06-21 07:01:51 +0300,0,0,False,True,False,NONE
2026-06-21 09:01:58 +0300,0,0,False,True,False,NONE
2026-06-21 11:01:51 +0300,0,0,False,True,False,NONE
2026-06-21 14:01:46 +0300,0,0,False,True,False,NONE
2026-06-21 18:01:58 +0300,1,1,True,True,False,NONE
2026-06-22 07:01:59 +0300,0,0,False,True,False,NONE
2026-06-22 09:01:48 +0300,0,0,False,True,False,NONE
2026-06-22 11:01:53 +0300,9,9,True,True,False,NONE
2026-06-22 14:02:01 +0300,9,9,True,True,False,NONE
2026-06-22 18:02:10 +0300,7,7,True,True,False,NONE
2026-06-23 07:01:49 +0300,0,0,False,True,False,NONE
2026-06-23 09:01:48 +0300,2,2,True,True,False,NONE
2026-06-23 11:02:00 +0300,3,3,True,True,False,NONE
2026-06-23 14:02:00 +0300,7,7,True,True,False,NONE
2026-06-23 18:02:02 +0300,2,2,True,True,False,NONE
2026-06-24 07:01:48 +0300,0,0,False,True,False,NONE
2026-06-24 09:01:51 +0300,0,0,False,True,False,NONE
2026-06-24 11:02:10 +0300,8,8,True,True,False,NONE
2026-06-24 14:02:09 +0300,7,7,True,True,False,NONE
2026-06-24 18:02:06 +0300,2,2,True,True,False,NONE
2026-06-25 07:01:46 +0300,0,0,False,True,False,NONE
2026-06-25 09:01:49 +0300,3,3,True,True,False,NONE
2026-06-25 11:01:47 +0300,4,4,True,True,False,NONE
2026-06-25 14:01:57 +0300,2,2,True,True,False,NONE
2026-06-25 18:01:56 +0300,2,2,True,True,False,NONE
2026-06-26 07:01:48 +0300,0,0,False,True,False,NONE
2026-06-26 09:01:55 +0300,1,1,True,True,False,NONE
2026-06-26 11:02:00 +0300,4,4,True,True,False,NONE
2026-06-26 14:02:05 +0300,8,8,True,True,False,NONE
2026-06-26 18:01:48 +0300,1,1,True,True,False,NONE
2026-06-27 07:01:40 +0300,0,0,False,True,False,NONE
2026-06-27 09:01:56 +0300,0,0,False,True,False,NONE
2026-06-27 11:01:51 +0300,0,0,False,True,False,NONE
2026-06-27 14:01:56 +0300,0,0,False,True,False,NONE
2026-06-27 18:01:52 +0300,0,0,False,True,False,NONE
2026-06-28 07:01:52 +0300,0,0,False,True,False,NONE
2026-06-28 09:02:04 +0300,0,0,False,True,False,NONE
2026-06-28 10:30:28 +0300,0,0,False,True,False,NONE
2026-06-28 11:01:49 +0300,0,0,False,True,False,NONE
2026-06-28 14:01:56 +0300,1,1,True,True,False,NONE
2026-06-28 18:01:59 +0300,0,0,False,True,False,NONE
2026-06-28 20:14:32 +0300,0,0,False,True,False,NONE
2026-06-29 07:02:03 +0300,0,0,False,True,False,NONE
2026-06-29 09:01:48 +0300,2,2,True,True,False,NONE
2026-06-29 11:01:55 +0300,3,3,True,True,False,NONE
2026-06-29 14:01:57 +0300,10,10,True,True,False,NONE
2026-06-29 18:02:13 +0300,2,2,True,True,False,NONE
2026-06-30 07:01:49 +0300,1,1,True,True,False,NONE
2026-06-30 09:01:57 +0300,2,2,True,True,False,NONE
2026-06-30 11:01:44 +0300,3,3,True,True,False,NONE
2026-06-30 14:01:47 +0300,6,6,True,True,False,NONE
2026-06-30 18:01:48 +0300,4,4,True,True,False,NONE
2026-07-01 07:01:55 +0300,0,0,False,True,False,NONE
2026-07-01 09:01:45 +0300,0,0,False,True,False,NONE
2026-07-01 11:01:53 +0300,1,1,True,True,False,NONE
2026-07-01 14:01:48 +0300,3,3,True,True,False,NONE
2026-07-01 18:01:47 +0300,1,1,True,True,False,NONE
2026-07-02 07:01:53 +0300,0,0,False,True,False,NONE
2026-07-02 09:01:51 +0300,2,2,True,True,False,NONE
2026-07-02 11:01:59 +0300,6,6,True,True,False,NONE
2026-07-02 14:01:56 +0300,8,8,True,True,False,NONE
2026-07-02 18:01:48 +0300,5,5,True,True,False,NONE
2026-07-03 07:01:50 +0300,0,0,False,True,False,NONE
2026-07-03 09:01:56 +0300,3,3,True,True,False,NONE
2026-07-03 11:01:51 +0300,3,3,True,True,False,NONE
2026-07-03 14:01:52 +0300,5,5,True,True,False,NONE
2026-07-03 18:01:52 +0300,1,1,True,True,False,NONE
2026-07-04 07:01:55 +0300,0,0,False,True,False,NONE
2026-07-04 09:02:04 +0300,0,0,False,True,False,NONE
2026-07-04 11:02:05 +0300,0,0,False,True,False,NONE
2026-07-04 14:01:51 +0300,1,1,True,True,False,NONE
2026-07-04 18:02:00 +0300,1,1,True,True,False,NONE
2026-07-05 07:02:08 +0300,0,0,False,True,False,NONE
2026-07-05 09:02:03 +0300,0,0,False,True,False,NONE
2026-07-05 11:02:11 +0300,0,0,False,True,False,NONE
2026-07-05 14:01:57 +0300,0,0,False,True,False,NONE
2026-07-05 18:02:07 +0300,0,0,False,True,False,NONE
2026-07-06 07:02:06 +0300,0,0,False,True,False,NONE
2026-07-06 09:02:12 +0300,2,2,True,True,False,NONE
2026-07-06 11:02:17 +0300,3,3,True,True,False,NONE
2026-07-06 14:02:15 +0300,2,2,True,True,False,NONE
2026-07-06 18:02:10 +0300,2,2,True,True,False,NONE
2026-07-07 07:02:11 +0300,0,0,False,True,False,NONE
2026-07-07 09:02:09 +0300,1,1,True,True,False,NONE
2026-07-07 11:02:14 +0300,2,2,True,True,False,NONE
2026-07-07 14:02:11 +0300,4,4,True,True,False,NONE
2026-07-07 18:02:13 +0300,2,2,True,True,False,NONE
2026-07-08 07:02:01 +0300,0,0,False,True,False,NONE
2026-07-08 09:02:09 +0300,1,1,True,True,False,NONE
2026-07-08 11:02:06 +0300,2,2,True,True,False,NONE
2026-07-08 14:02:05 +0300,6,6,True,True,False,NONE
2026-07-08 18:02:13 +0300,2,2,True,True,False,NONE
2026-07-09 07:02:18 +0300,0,0,False,True,False,NONE
2026-07-09 09:02:19 +0300,1,1,True,True,False,NONE
2026-07-09 11:05:55 +0300,4,4,True,True,False,NONE
2026-07-09 14:02:26 +0300,5,5,True,True,False,NONE
2026-07-09 18:02:09 +0300,1,1,True,True,False,NONE
2026-07-10 07:02:24 +0300,0,0,False,True,False,NONE
2026-07-10 09:02:09 +0300,1,1,True,True,False,NONE
2026-07-10 11:02:12 +0300,4,4,True,True,False,NONE
2026-07-10 14:02:11 +0300,3,3,True,True,False,NONE
2026-07-10 18:02:12 +0300,5,5,True,True,False,NONE
2026-07-11 07:02:02 +0300,0,0,False,True,False,NONE
2026-07-11 09:02:06 +0300,0,0,False,True,False,NONE
2026-07-11 11:02:12 +0300,0,0,False,True,False,NONE
2026-07-11 14:02:08 +0300,0,0,False,True,False,NONE
2026-07-11 18:02:15 +0300,0,0,False,True,False,NONE
2026-07-12 07:02:02 +0300,0,0,False,True,False,NONE
2026-07-12 09:02:03 +0300,0,0,False,True,False,NONE
2026-07-12 11:02:21 +0300,0,0,False,True,False,NONE
2026-07-12 14:02:06 +0300,0,0,False,True,False,NONE
2026-07-12 18:02:01 +0300,0,0,False,True,False,NONE
2026-07-13 07:01:59 +0300,0,0,False,True,False,NONE
2026-07-13 09:02:23 +0300,0,0,False,True,False,NONE
2026-07-13 11:02:18 +0300,7,7,True,True,False,NONE
2026-07-13 14:02:19 +0300,1,1,True,True,False,NONE
2026-07-13 18:02:21 +0300,1,1,True,True,False,NONE
2026-07-15 07:02:24 +0300,6,6,True,True,False,NONE
2026-07-15 09:02:01 +0300,0,0,False,True,False,NONE
2026-07-15 12:02:04 +0300,9,9,True,True,False,NONE
2026-07-15 15:02:06 +0300,5,5,True,True,False,NONE
2026-07-16 07:02:00 +0300,2,2,True,True,False,NONE
2026-07-16 09:02:05 +0300,1,1,True,True,False,NONE
2026-07-16 12:02:09 +0300,5,5,True,True,False,NONE
2026-07-16 15:02:13 +0300,10,10,True,True,False,NONE
2026-07-17 07:01:56 +0300,0,0,False,True,False,NONE
2026-07-17 09:01:57 +0300,0,0,False,True,False,NONE
2026-07-17 12:01:58 +0300,2,2,True,True,False,NONE
2026-07-17 15:02:12 +0300,4,4,True,True,False,NONE
2026-07-18 07:01:50 +0300,0,0,False,True,False,NONE
2026-07-18 09:01:55 +0300,0,0,False,True,False,NONE
2026-07-18 12:01:54 +0300,0,0,False,True,False,NONE
2026-07-18 15:01:56 +0300,0,0,False,True,False,NONE
2026-07-19 07:02:25 +0300,1,1,True,True,False,NONE
2026-07-19 09:01:46 +0300,0,0,False,True,False,NONE
2026-07-19 12:02:05 +0300,1,1,True,True,False,NONE
2026-07-19 15:01:50 +0300,0,0,False,True,False,NONE
2026-07-19 20:33:38 +0300,0,0,False,True,False,NONE
2026-07-20 07:01:47 +0300,0,0,False,True,False,NONE
2026-07-20 09:02:21 +0300,0,0,False,True,False,NONE
2026-07-20 12:02:02 +0300,7,7,True,True,False,NONE
2026-07-20 15:01:54 +0300,3,3,True,True,False,NONE
2026-07-21 07:01:58 +0300,1,1,True,True,False,NONE
2026-07-21 09:01:38 +0300,2,2,True,True,False,NONE
2026-07-21 12:01:53 +0300,5,5,True,True,False,NONE
2026-07-21 15:01:44 +0300,7,7,True,True,False,NONE
2026-07-22 07:01:46 +0300,4,4,True,True,False,NONE
2026-07-22 09:01:38 +0300,3,3,True,True,False,NONE
2026-07-22 12:01:59 +0300,4,4,True,True,False,NONE
2026-07-22 15:01:48 +0300,7,7,True,True,False,NONE
2026-07-23 07:01:49 +0300,1,1,True,True,False,NONE
2026-07-23 09:01:44 +0300,3,3,True,True,False,NONE
2026-07-23 12:01:43 +0300,7,7,True,True,False,NONE
2026-07-23 15:02:01 +0300,5,5,True,True,False,NONE
2026-07-24 07:01:36 +0300,1,1,True,True,False,NONE
2026-07-24 09:01:45 +0300,0,0,False,True,False,NONE
2026-07-24 12:02:07 +0300,0,0,False,False,True,"ReadTimeout: HTTPSConnectionPool(host='diavgeia.gov.gr', port=443): Read timed out. (read timeout=30)"
2026-07-24 15:02:04 +0300,3,3,True,True,False,NONE
2026-07-25 07:01:48 +0300,0,0,False,True,False,NONE
2026-07-25 09:01:50 +0300,0,0,False,True,False,NONE
2026-07-25 12:01:46 +0300,0,0,False,True,False,NONE
2026-07-25 15:01:46 +0300,0,0,False,True,False,NONE
2026-07-26 07:01:40 +0300,0,0,False,True,False,NONE
2026-07-26 09:01:51 +0300,0,0,False,True,False,NONE
2026-07-26 12:01:49 +0300,0,0,False,True,False,NONE
2026-07-26 15:01:37 +0300,0,0,False,True,False,NONE
2026-07-27 07:01:45 +0300,0,0,False,True,False,NONE
2026-07-27 09:01:50 +0300,0,0,False,True,False,NONE
2026-07-27 12:01:52 +0300,14,14,True,True,False,NONE
2026-07-27 15:01:49 +0300,7,7,True,True,False,NONE
2026-07-28 07:01:34 +0300,0,0,False,True,False,NONE
2026-07-28 09:01:51 +0300,2,2,True,True,False,NONE
2026-07-28 12:01:48 +0300,0,0,False,False,True,"ReadTimeout: HTTPSConnectionPool(host='diavgeia.gov.gr', port=443): Read timed out. (read timeout=30)"
2026-07-28 15:01:51 +0300,0,0,False,False,True,"ReadTimeout: HTTPSConnectionPool(host='diavgeia.gov.gr', port=443): Read timed out. (read timeout=30)"
2026-07-29 07:01:49 +0300,9,9,True,True,False,NONE
2026-07-29 09:01:44 +0300,0,0,False,True,False,NONE
2026-07-29 12:01:47 +0300,7,7,True,True,False,NONE
2026-07-29 15:01:42 +0300,14,14,True,True,False,NONE
2026-07-30 07:01:51 +0300,0,0,False,True,False,NONE
2026-07-30 09:01:50 +0300,3,3,True,True,False,NONE
2026-07-30 12:01:42 +0300,4,4,True,True,False,NONE
2026-07-30 15:02:08 +0300,11,11,True,True,False,NONE
2026-07-31 07:01:54 +0300,2,2,True,True,False,NONE
2026-07-31 09:01:59 +0300,0,0,False,True,False,NONE
2026-07-31 12:02:14 +0300,7,7,True,True,False,NONE
2026-07-31 15:01:41 +0300,15,15,True,True,False,NONE
2026-08-01 07:01:37 +0300,6,6,True,True,False,NONE
2026-08-01 09:01:45 +0300,0,0,False,True,False,NONE
2026-08-01 12:01:45 +0300,0,0,False,True,False,NONE
2026-08-01 15:01:43 +0300,0,0,False,True,False,NONE
2026-08-02 07:01:40 +0300,1,1,True,True,False,NONE
2026-08-02 09:01:48 +0300,0,0,False,True,False,NONE
2026-08-02 10:43:32 +0300,0,0,False,True,False,NONE
2026-08-02 12:01:58 +0300,0,0,False,True,False,NONE
2026-08-02 15:01:44 +0300,0,0,False,True,False,NONE
2026-08-03 07:01:46 +0300,0,0,False,True,False,NONE
2026-08-03 09:01:38 +0300,3,3,True,True,False,NONE
2026-08-03 12:01:44 +0300,0,0,False,False,True,"ReadTimeout: HTTPSConnectionPool(host='diavgeia.gov.gr', port=443): Read timed out. (read timeout=30)"
2026-08-03 15:01:47 +0300,8,8,True,True,False,NONE
2026-08-04 07:01:38 +0300,0,0,False,True,False,NONE
2026-08-04 09:02:04 +0300,0,0,False,True,False,NONE
2026-08-04 12:01:43 +0300,3,3,True,True,False,NONE
2026-08-04 15:01:59 +0300,0,0,False,False,True,"ReadTimeout: HTTPSConnectionPool(host='diavgeia.gov.gr', port=443): Read timed out. (read timeout=30)"
2026-08-05 07:01:39 +0300,16,16,True,True,False,NONE
2026-08-05 09:01:49 +0300,0,0,False,True,False,NONE
2026-08-05 12:02:28 +0300,5,5,True,True,False,NONE
2026-08-05 15:01:44 +0300,2,2,True,True,False,NONE
2026-08-06 07:02:08 +0300,2,2,True,True,False,NONE
2026-08-06 09:02:05 +0300,1,1,True,True,False,NONE
2026-08-06 11:39:57 +0300,0,0,False,False,True,"ReadTimeout: HTTPSConnectionPool(host='diavgeia.gov.gr', port=443): Read timed out. (read timeout=30)"
2026-08-06 11:53:08 +0300,0,0,False,False,True,"ReadTimeout: HTTPSConnectionPool(host='diavgeia.gov.gr', port=443): Read timed out. (read timeout=30)"
2026-08-06 11:56:39 +0300,193,193,True,True,False,NONE
2026-08-07 07:01:50 +0300,212,212,True,True,False,NONE
2026-08-07 09:01:42 +0300,33,33,True,True,False,NONE
2026-08-07 12:01:42 +0300,101,101,True,True,False,NONE
2026-08-07 15:01:46 +0300,82,82,True,True,False,NONE
2026-08-08 07:01:41 +0300,275,275,True,True,False,NONE
2026-08-08 09:01:54 +0300,1,1,True,True,False,NONE
2026-08-08 12:01:51 +0300,2,2,True,True,False,NONE
2026-08-08 15:01:35 +0300,1,1,True,True,False,NONE
2026-08-09 07:01:52 +0300,6,6,True,True,False,NONE
2026-08-09 09:01:50 +0300,0,0,False,True,False,NONE
2026-08-09 12:01:40 +0300,2,2,True,True,False,NONE
2026-08-09 15:01:36 +0300,2,2,True,True,False,NONE
2026-08-10 07:01:38 +0300,13,13,True,True,False,NONE
2026-08-10 09:01:45 +0300,41,41,True,True,False,NONE
2026-08-10 12:01:55 +0300,168,168,True,True,False,NONE
2026-08-10 15:01:52 +0300,101,101,True,True,False,NONE
2026-08-11 07:01:46 +0300,0,0,False,False,True,HTTPError: 500 Server Error: Server Error for url: https://diavgeia.gov.gr/luminapi/api/search?q=q%3A%5B%22%CE%B1%CE%BD%CF%84%CE%B9%CF%80%CF%85%CF%81%CE%B9%CE%BA%CE%BF%CF%8D%22%2C+%22%CE%B1%CE%BD%CF%84%CE%B9%CF%80%CF%85%CF%81%CE%B9%CE%BA%CE%BF%CE%AF%22%2C+%22%CE%B1%CE%BD%CF%84%CE%B9%CF%80%CF%85%CF%81%CE%B9%CE%BA%CE%BF%CF%8D%CF%82%22%2C+%22%CE%B1%CE%BD%CF%84%CE%B9%CF%80%CF%85%CF%81%CE%B9%CE%BA%CE%AE%22%2C+%22%CE%B1%CE%BD%CF%84%CE%B9%CF%80%CF%85%CF%81%CE%B9%CE%BA%CE%AE%CF%82%22%5D&sort=recent&size=100&page=0&fq=submissionTimestamp%3A%5BDT%282026-08-10T15%3A00%3A58%29+TO+DT%282026-08-11T23%3A59%3A59%29%5D
2026-08-11 09:01:43 +0300,60,60,True,True,False,NONE
2026-08-11 12:01:48 +0300,158,158,True,True,False,NONE
2026-08-11 15:01:49 +0300,127,127,True,True,False,NONE
2026-08-12 07:01:45 +0300,21,21,True,True,False,NONE
2026-08-12 09:01:43 +0300,23,23,True,True,False,NONE
2026-08-12 12:01:43 +0300,158,158,True,True,False,NONE
2026-08-12 15:01:55 +0300,101,101,True,True,False,NONE
2026-08-13 07:01:46 +0300,30,30,True,True,False,NONE
2026-08-13 09:01:48 +0300,37,37,True,True,False,NONE
2026-08-13 12:01:52 +0300,85,85,True,True,False,NONE
2026-08-13 15:01:41 +0300,66,66,True,True,False,NONE
2026-08-14 07:01:42 +0300,19,19,True,True,False,NONE
2026-08-14 09:01:48 +0300,18,18,True,True,False,NONE
2026-08-14 12:01:46 +0300,61,61,True,True,False,NONE
2026-08-14 15:01:38 +0300,53,53,True,True,False,NONE
2026-08-15 07:01:50 +0300,7,7,True,True,False,NONE
2026-08-15 09:01:44 +0300,0,0,False,True,False,NONE
2026-08-15 12:01:42 +0300,0,0,False,True,False,NONE
2026-08-15 15:01:41 +0300,2,2,True,True,False,NONE
2026-08-16 07:01:55 +0300,1,1,True,True,False,NONE
2026-08-16 09:01:43 +0300,0,0,False,True,False,NONE
2026-08-16 12:01:56 +0300,1,1,True,True,False,NONE
2026-08-16 15:01:39 +0300,0,0,False,True,False,NONE
2026-08-17 07:01:43 +0300,4,4,True,True,False,NONE
2026-08-17 09:01:46 +0300,12,12,True,True,False,NONE
2026-08-17 12:01:45 +0300,40,40,True,True,False,NONE
2026-08-17 15:01:51 +0300,44,44,True,True,False,NONE
2026-08-18 07:02:25 +0300,13,13,True,True,False,NONE
2026-08-18 09:02:32 +0300,15,15,True,True,False,NONE
2026-08-18 12:01:46 +0300,54,54,True,True,False,NONE
2026-08-18 15:01:47 +0300,58,58,True,True,False,NONE
2026-08-19 07:01:41 +0300,6,6,True,True,False,NONE
2026-08-19 09:01:53 +0300,24,24,True,True,False,NONE
2026-08-19 18:16:18 +0300,124,124,True,True,False,NONE
2026-08-20 07:01:38 +0300,4,4,True,True,False,NONE
2026-08-20 09:01:42 +0300,19,19,True,True,False,NONE
2026-08-20 12:01:45 +0300,61,61,True,True,False,NONE
2026-08-20 15:01:37 +0300,48,48,True,True,False,NONE
2026-08-21 07:01:43 +0300,12,12,True,True,False,NONE
2026-08-21 09:06:25 +0300,25,25,True,True,False,NONE
2026-08-21 12:01:38 +0300,51,51,True,True,False,NONE
2026-08-21 15:01:41 +0300,49,49,True,True,False,NONE
2026-08-22 07:02:47 +0300,20,20,True,True,False,NONE
2026-08-22 09:01:46 +0300,0,0,False,True,False,NONE
2026-08-22 12:03:10 +0300,0,0,False,True,False,NONE
2026-08-22 15:01:55 +0300,1,1,True,True,False,NONE
2026-08-23 07:01:45 +0300,1,1,True,True,False,NONE
2026-08-23 09:01:45 +0300,0,0,False,True,False,NONE
2026-08-23 12:01:42 +0300,0,0,False,True,False,NONE
2026-08-23 15:01:43 +0300,2,2,True,True,False,NONE
2026-08-24 07:01:50 +0300,0,0,False,True,False,NONE
2026-08-24 09:02:09 +0300,5,5,True,True,False,NONE
2026-08-24 12:01:58 +0300,43,43,True,True,False,NONE
2026-08-24 15:01:45 +0300,52,52,True,True,False,NONE
2026-08-25 07:01:36 +0300,17,17,True,True,False,NONE
2026-08-25 09:01:42 +0300,12,12,True,True,False,NONE
2026-08-25 12:01:47 +0300,57,57,True,True,False,NONE
2026-08-25 15:01:52 +0300,91,91,True,True,False,NONE
2026-08-26 07:01:42 +0300,8,8,True,True,False,NONE
2026-08-26 09:01:51 +0300,25,25,True,True,False,NONE
2026-08-26 12:01:44 +0300,58,58,True,True,False,NONE
2026-08-26 15:01:58 +0300,99,99,True,True,False,NONE
2026-08-27 07:01:35 +0300,15,15,True,True,False,NONE
2026-08-27 09:01:52 +0300,22,22,True,True,False,NONE
2026-08-27 12:01:41 +0300,59,59,True,True,False,NONE
2026-08-27 15:01:47 +0300,71,71,True,True,False,NONE
2026-08-28 07:01:42 +0300,13,13,True,True,False,NONE
2026-08-28 09:01:40 +0300,12,12,True,True,False,NONE
2026-08-28 12:01:45 +0300,69,69,True,True,False,NONE
2026-08-28 15:01:58 +0300,66,66,True,True,False,NONE
2026-08-29 07:01:49 +0300,8,8,True,True,False,NONE
2026-08-29 09:01:56 +0300,0,0,False,True,False,NONE
2026-08-29 12:01:42 +0300,1,1,True,True,False,NONE
2026-08-29 15:01:42 +0300,4,4,True,True,False,NONE
2026-08-30 07:01:46 +0300,0,0,False,True,False,NONE
2026-08-30 09:01:47 +0300,1,1,True,True,False,NONE
2026-08-30 12:01:59 +0300,0,0,False,True,False,NONE
2026-08-30 15:01:42 +0300,1,1,True,True,False,NONE
2026-08-31 07:01:46 +0300,4,4,True,True,False,NONE
2026-08-31 09:01:44 +0300,11,11,True,True,False,NONE
2026-08-31 12:01:54 +0300,77,77,True,True,False,NONE
2026-08-31 15:01:48 +0300,56,56,True,True,False,NONE
2026-09-01 07:01:46 +0300,18,18,True,True,False,NONE
2026-09-01 09:01:48 +0300,15,15,True,True,False,NONE
2026-09-01 12:01:48 +0300,82,82,True,True,False,NONE
2026-09-01 15:01:46 +0300,84,84,True,True,False,NONE
2026-09-02 07:01:47 +0300,16,16,True,True,False,NONE
2026-09-02 09:03:28 +0300,22,22,True,True,False,NONE
2026-09-02 12:01:47 +0300,71,71,True,True,False,NONE
2026-09-02 15:01:58 +0300,73,73,True,True,False,NONE
2026-09-03 07:01:55 +0300,19,19,True,True,False,NONE
2026-09-03 09:01:57 +0300,24,24,True,True,False,NONE
