dhmos,municipality_normalized_name,municipality_key,kpi_politikis_prostasias,plithismos_synolikos,plithismos_oreinos,plithismos_hmioreinos,plithismos_pedinos,ektasi_km2,ektasi_oreini_km2,ektasi_hmioreini_km2,ektasi_pedini_km2,puknotita,oxhmata_udrofora,oxhmata_purosvestika,sxedia_purkagies,dilosis_katharis_plithos,elegxoi_katopin_dilosis,mi_symmorfosi_dilosis,pososto_symmorfosis_dilosis,elegxoi_aytepaggelti,mi_symmorfosi_aytepaggelti,kataggelies_plithos,elegxoi_katopin_kataggelias,mi_symmorfosi_kataggelias,ektasi_vlastisis_pros_katharismo_ha,katharismeni_ektasi_vlastisis_ha,pososto_proliptikou_katharismou,ypoleimmata_katharismwn_t,dapani_puroprostasias_eur
Αβδήρων,ΑΒΔΗΡΩΝ,9015,0.6326,17610.0,0.0,0.0,17610.0,353.0,0.0,0.0,353.0,49.88668555240793,2.0,0.0,1.0,1307.0,0.0,0.0,0.0,0.0,0.0,17.0,2.0,2.0,46.35,43.685,0.9425026968716288,500.0,35000.0
Αγαθονησίου,ΑΓΑΘΟΝΗΣΙΟΥ,9274,0.5999,202.0,0.0,202.0,0.0,14.0,0.0,14.0,0.0,14.428571428571429,1.0,1.0,0.0,1.0,0.0,0.0,0.0,0.0,0.0,,,,15.3,15.3,1.0,12.0,19840.0
Αγιάς,ΑΓΙΑΣ,9097,0.7402000000000001,10711.0,1209.0,4114.0,5388.0,664.0,214.0,290.0,161.0,16.13102409638554,3.0,5.0,1.0,3109.0,6.0,6.0,0.0019298809906722,0.0,0.0,27.0,0.0,,87.5,70.0,0.8,370.21,63000.0
Αγίας Βαρβάρας,ΑΓΙΑΣ ΒΑΡΒΑΡΑΣ,9179,0.9898,26759.0,0.0,0.0,26759.0,2.0,0.0,0.0,2.0,13379.5,1.0,2.0,1.0,89.0,83.0,83.0,0.9325842696629212,0.0,0.0,0.0,0.0,,150.0,150.0,1.0,150.0,70000.0
Αγίας Παρασκευής,ΑΓΙΑΣ ΠΑΡΑΣΚΕΥΗΣ,9167,0.5778,62147.0,0.0,0.0,62147.0,8.0,0.0,0.0,8.0,7768.375,1.0,3.0,1.0,565.0,245.0,245.0,0.4336283185840708,0.0,0.0,9.0,6.0,6.0,479.342,441.342,0.9207246600548252,679.25,37045.0
Αγίου Βασιλείου,ΑΓΙΟΥ ΒΑΣΙΛΕΙΟΥ,9314,0.6099,7018.0,2565.0,3555.0,898.0,359.0,185.0,151.0,22.0,19.54874651810585,1.0,0.0,1.0,666.0,0.0,0.0,0.0,0.0,0.0,2.0,0.0,0.0,80.0,80.0,1.0,0.0,109061.22
Αγίου Δημητρίου,ΑΓΙΟΥ ΔΗΜΗΤΡΙΟΥ,9194,0.5720000000000001,71664.0,0.0,0.0,71664.0,5.0,0.0,0.0,5.0,14332.8,1.0,0.0,0.0,494.0,0.0,0.0,0.0,0.0,0.0,30.0,6.0,6.0,66.2,66.2,1.0,37150.0,1724.0
Αγίου Ευστρατίου,ΑΓΙΟΥ ΕΥΣΤΡΑΤΙΟΥ,9262,0.0,257.0,0.0,257.0,0.0,42.0,0.0,42.0,0.0,6.119047619047619,,,0.0,36.0,0.0,0.0,0.0,0.0,0.0,,,,0.0,0.0,0.0,37150.0,0.0
Αγίου Νικολάου,ΑΓΙΟΥ ΝΙΚΟΛΑΟΥ,9310,0.4733,27785.0,6579.0,7601.0,13605.0,512.0,267.0,225.0,20.0,54.267578125,2.0,1.0,1.0,1950.0,0.0,0.0,0.0,0.0,0.0,11.0,0.0,,24.29,9.99,0.4112803622890078,210.0,86580.0
Αγίων Αναργύρων - Καματερού,ΑΓΙΩΝ ΑΝΑΡΓΥΡΩΝ - ΚΑΜΑΤΕΡΟΥ,9180,0.1587,61462.0,0.0,0.0,61462.0,9.0,0.0,0.0,9.0,6829.111111111111,2.0,0.0,0.0,1692.0,0.0,0.0,0.0,0.0,0.0,22.0,0.0,,0.243,0.0,0.0,604.0,51607.21
Αγκιστρίου,ΑΓΚΙΣΤΡΙΟΥ,9207,0.6499,1131.0,0.0,0.0,1131.0,13.0,0.0,0.0,13.0,87.0,0.0,4.0,0.0,238.0,0.0,0.0,0.0,0.0,0.0,2.0,0.0,,20.0,20.0,1.0,50.0,31781.44
Αγράφων,ΑΓΡΑΦΩΝ,9156,0.0,5983.0,5553.0,430.0,0.0,921.0,818.0,103.0,0.0,6.496199782844734,1.0,3.0,0.0,699.0,0.0,0.0,0.0,0.0,0.0,0.0,0.0,,0.0,0.0,0.0,0.0,60000.0
Αγρινίου,ΑΓΡΙΝΙΟΥ,9123,0.6061000000000001,89691.0,3155.0,9164.0,77372.0,1232.0,388.0,372.0,473.0,72.80113636363636,0.0,3.0,1.0,11008.0,0.0,0.0,0.0,0.0,0.0,39.0,16.0,16.0,342.105,342.255,1.0004384618757398,882.0,341146.46
Αθηναίων,ΑΘΗΝΑΙΩΝ,9186,0.7937000000000001,643452.0,0.0,0.0,643452.0,38.0,0.0,0.0,38.0,16932.947368421053,17.0,0.0,1.0,1217.0,0.0,0.0,0.0,0.0,0.0,71.0,0.0,0.0,1961.0,1920.5,0.979347271800102,130.0,105667.0
Αιγάλεω,ΑΙΓΑΛΕΩ,9181,0.2999,65831.0,0.0,0.0,65831.0,7.0,0.0,0.0,7.0,9404.42857142857,2.0,0.0,0.0,177.0,0.0,0.0,0.0,0.0,0.0,6.0,0.0,0.0,283.276,283.276,1.0,551.0,78878.6
Αιγιαλείας,ΑΙΓΙΑΛΕΙΑΣ,9130,0.5603,46990.0,7795.0,5596.0,33599.0,714.0,545.0,99.0,71.0,65.812324929972,1.0,4.0,0.0,14473.0,0.0,0.0,0.0,0.0,0.0,23.0,0.0,0.0,298.267,298.267,1.0,500.0,268918.0
Αίγινας,ΑΙΓΙΝΑΣ,9208,0.0,12911.0,0.0,847.0,12064.0,88.0,0.0,14.0,73.0,146.7159090909091,,,0.0,5815.0,28.0,0.0,0.0,,0.0,,,0.0,0.0,0.0,0.0,0.0,
Ακτίου - Βόνιτσας,ΑΚΤΙΟΥ - ΒΟΝΙΤΣΑΣ,9124,0.125,14644.0,944.0,7963.0,5737.0,659.0,125.0,381.0,153.0,22.22154779969651,1.0,0.0,0.0,1659.0,0.0,0.0,0.0,0.0,0.0,13.0,0.0,0.0,0.0,0.0,0.0,5000.0,120000.0
Αλεξάνδρειας,ΑΛΕΞΑΝΔΡΕΙΑΣ,9023,0.4523,38292.0,0.0,0.0,38292.0,481.0,0.0,0.0,481.0,79.60914760914761,0.0,0.0,1.0,3788.0,0.0,0.0,0.0,0.0,0.0,53.0,0.0,0.0,51.599,13.434,0.2603538828271866,70.0,0.0
Αλεξανδρούπολης,ΑΛΕΞΑΝΔΡΟΥΠΟΛΗΣ,9006,0.2704,71751.0,220.0,1182.0,70349.0,1217.0,215.0,213.0,789.0,58.95727198027937,0.0,0.0,0.0,4045.0,0.0,0.0,0.0,0.0,0.0,22.0,0.0,0.0,3.2,1.414,0.441875,20948.45,15000.0
Αλιάρτου - Θεσπιέων,ΑΛΙΑΡΤΟΥ - ΘΕΣΠΙΕΩΝ,9142,0.0975,8774.0,532.0,1177.0,7065.0,259.0,55.0,40.0,165.0,33.87644787644788,1.0,2.0,1.0,961.0,0.0,0.0,0.0,0.0,0.0,1.0,0.0,0.0,196.0,196.0,1.0,150.0,28971.28
Αλίμου,ΑΛΙΜΟΥ,9195,0.7836000000000001,43174.0,0.0,0.0,43174.0,6.0,0.0,0.0,6.0,7195.666666666667,1.0,0.0,0.0,358.0,319.0,319.0,0.8910614525139665,4.0,4.0,5.0,2.0,2.0,296.0,296.0,1.0,3000.0,37200.0
Αλμυρού,ΑΛΜΥΡΟΥ,9104,0.304,16072.0,921.0,11952.0,3199.0,908.0,302.0,520.0,86.0,17.70044052863436,1.0,0.0,1.0,2308.0,0.0,0.0,0.0,0.0,12.0,0.0,0.0,,0.0,0.0,0.0,74000.0,150.0
Αλμωπίας,ΑΛΜΩΠΙΑΣ,9042,0.7499,24969.0,6955.0,2265.0,15749.0,988.0,697.0,87.0,204.0,25.27226720647773,2.0,2.0,1.0,1859.0,0.0,0.0,0.0,0.0,12.0,5.0,4.0,4.0,30.0,30.0,1.0,10000.0,57895.0
Αλοννήσου,ΑΛΟΝΝΗΣΟΥ,9109,0.0,3138.0,0.0,3138.0,0.0,130.0,0.0,130.0,0.0,24.13846153846153,,,0.0,391.0,0.0,0.0,0.0,,12.0,5.0,,,0.0,0.0,0.0,0.0,
Αμαρίου,ΑΜΑΡΙΟΥ,9315,0.0,5572.0,4857.0,715.0,0.0,279.0,239.0,40.0,0.0,19.97132616487455,,,0.0,333.0,0.0,0.0,0.0,,12.0,2.0,,,0.0,0.0,0.0,0.0,
Αμαρουσίου,ΑΜΑΡΟΥΣΙΟΥ,9168,0.7166,71830.0,0.0,0.0,71830.0,13.0,0.0,0.0,13.0,5525.384615384615,3.0,5.0,1.0,1061.0,6.0,6.0,0.005655042412818,0.0,12.0,35.0,24.0,24.0,170.794,170.794,1.0,324.0,94577.69
Αμοργού,ΑΜΟΡΓΟΥ,9291,0.4999,1961.0,536.0,1425.0,0.0,129.0,31.0,97.0,0.0,15.2015503875969,1.0,1.0,1.0,138.0,0.0,0.0,0.0,0.0,12.0,0.0,0.0,0.0,2.0,2.0,1.0,3.0,20000.0
Αμπελοκήπων - Μενεμένης,ΑΜΠΕΛΟΚΗΠΩΝ - ΜΕΝΕΜΕΝΗΣ,9026,0.4245,50143.0,0.0,0.0,50143.0,7.0,0.0,0.0,7.0,7163.285714285715,2.0,0.0,0.0,193.0,0.0,0.0,0.0,0.0,12.0,1.0,0.0,0.0,186.736,186.736,1.0,150.0,68171.0
Αμυνταίου,ΑΜΥΝΤΑΙΟΥ,9070,0.0688,14169.0,6354.0,7815.0,0.0,590.0,432.0,158.0,0.0,24.015254237288136,1.0,11.0,0.0,1105.0,0.0,0.0,0.0,0.0,12.0,4.0,0.0,0.0,0.0,0.0,0.0,25214.25,850.0
Αμφίκλειας - Ελάτειας,ΑΜΦΙΚΛΕΙΑΣ - ΕΛΑΤΕΙΑΣ,9158,0.6499,8376.0,1649.0,5066.0,1661.0,534.0,215.0,273.0,46.0,15.685393258426966,3.0,0.0,1.0,2014.0,0.0,0.0,0.0,0.0,12.0,7.0,0.0,0.0,324.5,324.5,1.0,2000.0,77000.0
Αμφιλοχίας,ΑΜΦΙΛΟΧΙΑΣ,9125,0.5,14979.0,5774.0,9092.0,113.0,1091.0,677.0,411.0,3.0,13.72960586617782,4.0,0.0,1.0,1558.0,0.0,0.0,0.0,0.0,12.0,7.0,0.0,0.0,4.0,0.0,0.0,10.0,74500.0
Αμφίπολης,ΑΜΦΙΠΟΛΗΣ,9049,0.3,7168.0,0.0,4335.0,2833.0,412.0,0.0,284.0,128.0,17.398058252427184,2.0,0.0,0.0,1054.0,10.0,0.0,0.0,,12.0,,,0.0,0.0,0.0,0.0,30000.0,60.0
Ανατολικής Μάνης,ΑΝΑΤΟΛΙΚΗΣ ΜΑΝΗΣ,9248,0.0635,12779.0,2302.0,4282.0,6195.0,620.0,213.0,293.0,114.0,20.611290322580643,2.0,3.0,1.0,5059.0,10.0,0.0,0.0,,12.0,,,0.0,0.0,0.0,0.0,30000.0,0.0
Ανατολικής Σάμου / Δυτικής Σάμου,ΑΝΑΤΟΛΙΚΗΣ ΣΑΜΟΥ / ΔΥΤΙΚΗΣ ΣΑΜΟΥ,9264,0.2182759604190919,32642.0,2726.0,17505.0,12411.0,481.0,171.0,225.0,83.0,67.86278586278586,2.0,72.0,1.0,2143.0,0.0,0.0,,3.0,3.0,23.0,10.0,10.0,61.0,61.0,1.0,180000.0,47834.4
Ανάφης,ΑΝΑΦΗΣ,9269,0.0,293.0,0.0,293.0,0.0,41.0,0.0,41.0,0.0,7.146341463414634,,,0.0,7.0,0.0,0.0,0.0,0.0,0.0,,,,0.0,0.0,0.0,30000.0,
Ανδραβίδας - Κυλλήνης,ΑΝΔΡΑΒΙΔΑΣ - ΚΥΛΛΗΝΗΣ,9135,0.1624,22552.0,0.0,0.0,22552.0,355.0,0.0,0.0,355.0,63.52676056338028,2.0,0.0,0.0,2365.0,0.0,0.0,0.0,0.0,0.0,12.0,5.0,,24.0,13.0,0.5416666666666666,20.0,50000.0
Ανδρίτσαινας - Κρεστένων,ΑΝΔΡΙΤΣΑΙΝΑΣ - ΚΡΕΣΤΕΝΩΝ,9136,0.4004,11200.0,1617.0,3471.0,6112.0,421.0,164.0,155.0,101.0,26.60332541567696,0.0,6.0,1.0,2791.0,0.0,0.0,0.0,0.0,0.0,6.0,0.0,,11.5,9.4,0.8173913043478261,0.0,199000.0
Άνδρου,ΑΝΔΡΟΥ,9268,0.0,8826.0,1799.0,7027.0,0.0,381.0,112.0,269.0,0.0,23.165354330708663,,,0.0,1986.0,1.0,0.0,0.0,,0.0,6.0,,,0.0,0.0,0.0,0.0,
Αντιπάρου,ΑΝΤΙΠΑΡΟΥ,9293,0.0,1265.0,0.0,0.0,1265.0,45.0,0.0,0.0,45.0,28.11111111111111,,,0.0,232.0,1.0,0.0,0.0,,0.0,0.0,,0.0,0.0,0.0,0.0,0.0,
Ανωγείων,ΑΝΩΓΕΙΩΝ,9316,0.4601,2240.0,2240.0,0.0,0.0,102.0,102.0,0.0,0.0,21.96078431372549,1.0,0.0,0.0,29.0,0.0,0.0,0.0,0.0,0.0,0.0,0.0,0.0,112.408,60.0,0.5337698384456623,0.0,24800.0
Αποκορώνου,ΑΠΟΚΟΡΩΝΟΥ,9319,0.5214,12247.0,1802.0,3167.0,7278.0,315.0,125.0,86.0,104.0,38.87936507936508,0.0,0.0,0.0,1579.0,0.0,0.0,0.0,0.0,0.0,4.0,0.0,0.0,3.5,2.0,0.5714285714285714,30.0,80000.0
Αργιθέας,ΑΡΓΙΘΕΑΣ,9091,0.25,3496.0,3496.0,0.0,0.0,373.0,373.0,0.0,0.0,9.372654155495978,0.0,0.0,1.0,359.0,0.0,0.0,0.0,0.0,0.0,4.0,0.0,0.0,0.0,0.0,0.0,0.0,54366.27
Αργοστολίου / Ληξουρίου / Σάμης,ΑΡΓΟΣΤΟΛΙΟΥ / ΛΗΞΟΥΡΙΟΥ / ΣΑΜΗΣ,9120,0.1224594692768411,36064.0,4422.0,8951.0,22691.0,788.0,335.0,301.0,151.0,45.766497461928935,4.0,5.0,3.0,8990.0,3.0,0.0,0.0,0.0,0.0,39.0,0.0,0.0,900.0,336.0,0.3733333333333333,69126.0,131582.6
Άργους - Μυκηνών,ΑΡΓΟΥΣ - ΜΥΚΗΝΩΝ,9233,0.342,10685.0,2815.0,7870.0,0.0,343.0,299.0,44.0,0.0,31.15160349854228,3.0,3.0,0.0,3320.0,0.0,0.0,0.0,0.0,0.0,32.0,8.0,8.0,369.0,144.0,0.3902439024390244,254.38,148543.83000000002
Άργους Ορεστικού,ΑΡΓΟΥΣ ΟΡΕΣΤΙΚΟΥ,9065,0.7999,39994.0,3448.0,2758.0,33788.0,1001.0,623.0,171.0,207.0,39.95404595404595,0.0,0.0,1.0,672.0,0.0,0.0,0.0,0.0,0.0,0.0,0.0,0.0,0.145,0.145,1.0,90.0,100000.0
Αριστοτέλη,ΑΡΙΣΤΟΤΕΛΗ,9056,0.0,16964.0,7396.0,3562.0,6006.0,748.0,381.0,249.0,118.0,22.67914438502674,,,0.0,2727.0,17.0,0.0,0.0,,0.0,,,0.0,0.0,0.0,0.0,0.0,
Αρριανών,ΑΡΡΙΑΝΩΝ,9019,0.5167,14905.0,4472.0,902.0,9531.0,772.0,547.0,75.0,150.0,19.30699481865285,1.0,2.0,1.0,45.0,5.0,5.0,0.1111111111111111,0.0,0.0,2.0,2.0,2.0,0.0,0.0,0.0,0.0,72004.32
Αρταίων,ΑΡΤΑΙΩΝ,9073,0.2,41600.0,1442.0,2096.0,38062.0,402.0,103.0,71.0,229.0,103.48258706467662,1.0,1.0,1.0,3261.0,0.0,0.0,0.0,30.0,30.0,34.0,0.0,0.0,0.0,0.0,0.0,0.0,0.0
Αρχαίας Ολυμπίας,ΑΡΧΑΙΑΣ ΟΛΥΜΠΙΑΣ,9137,0.5698,11153.0,3938.0,1703.0,5512.0,544.0,343.0,95.0,107.0,20.50183823529412,0.0,7.0,1.0,3668.0,0.0,0.0,0.0,0.0,0.0,13.0,0.0,0.0,5458.629,2615.45,0.4791404581626632,364.0,234000.0
Αρχανών - Αστερουσίων,ΑΡΧΑΝΩΝ - ΑΣΤΕΡΟΥΣΙΩΝ,9302,0.2,16072.0,721.0,12636.0,2715.0,339.0,84.0,186.0,69.0,47.41002949852508,1.0,1.0,1.0,1384.0,0.0,0.0,0.0,0.0,0.0,3.0,0.0,0.0,5.525,0.0,0.0,0.0,41827.04
Ασπροπύργου,ΑΣΠΡΟΠΥΡΓΟΥ,9228,0.3924,31381.0,0.0,31381.0,0.0,109.0,0.0,109.0,0.0,287.89908256880733,3.0,0.0,0.0,2242.0,2.0,2.0,0.0008920606601248,10.0,10.0,26.0,0.0,0.0,0.0,0.0,0.0,100.0,632532.42
Αστυπάλαιας,ΑΣΤΥΠΑΛΑΙΑΣ,9275,0.1445,1376.0,0.0,1376.0,0.0,114.0,0.0,114.0,0.0,12.070175438596491,1.0,1.0,0.0,117.0,0.0,0.0,0.0,0.0,0.0,,0.0,0.0,1467.0,707.0,0.481935923653715,0.0,
Αχαρνών,ΑΧΑΡΝΩΝ,9215,0.5148,108169.0,0.0,108169.0,0.0,109.0,0.0,109.0,0.0,992.3761467889908,4.0,3.0,1.0,7633.0,0.0,0.0,0.0,2.0,2.0,144.0,39.0,39.0,713.659,713.659,1.0,2237.55,28873.97
Βάρης - Βούλας - Βουλιαγμένης,ΒΑΡΗΣ - ΒΟΥΛΑΣ - ΒΟΥΛΙΑΓΜΕΝΗΣ,9216,0.767,52546.0,0.0,0.0,52546.0,33.0,0.0,0.0,33.0,1592.3030303030305,3.0,13.0,1.0,2273.0,80.0,80.0,0.0351957765068191,0.0,0.0,62.0,3.0,3.0,1415.0,1415.0,1.0,158243.0,1118651.0
Βελβεντού / Σερβίων,ΒΕΛΒΕΝΤΟΥ / ΣΕΡΒΙΩΝ,9069,0.3123575375279463,12524.0,4439.0,6898.0,1187.0,727.0,487.0,190.0,51.0,17.226960110041265,1.0,3.0,2.0,1660.0,0.0,0.0,,0.0,0.0,9.0,0.0,0.0,0.0,0.0,,920.0,92196.08
Βέλου - Βόχας,ΒΕΛΟΥ - ΒΟΧΑΣ,9242,0.0,17883.0,819.0,727.0,16337.0,165.0,36.0,39.0,90.0,108.38181818181818,,,0.0,4024.0,19.0,0.0,0.0,,0.0,,,0.0,0.0,0.0,0.0,0.0,
Βέροιας,ΒΕΡΟΙΑΣ,9024,0.2645,62655.0,2480.0,1905.0,58270.0,795.0,499.0,59.0,237.0,78.81132075471699,1.0,0.0,1.0,4733.0,6.0,6.0,0.0012676949080921,2.0,2.0,29.0,15.0,15.0,700.0,150.0,0.2142857142857142,2067.83,74143.40000000001
Βιάννου,ΒΙΑΝΝΟΥ,9303,0.3,4436.0,3379.0,1057.0,0.0,222.0,169.0,53.0,0.0,19.98198198198198,0.0,2.0,0.0,456.0,0.0,0.0,0.0,0.0,0.0,3.0,0.0,0.0,0.0,0.0,0.0,120.0,15.0
Βισαλτίας,ΒΙΣΑΛΤΙΑΣ,9050,0.134,16036.0,0.0,2938.0,13098.0,658.0,0.0,260.0,397.0,24.37082066869301,3.0,0.0,0.0,1264.0,0.0,0.0,0.0,0.0,0.0,12.0,0.0,0.0,99.932,0.0,0.0,0.0,32000.0
Βοΐου,ΒΟΙΟΥ,9066,0.0,14947.0,14904.0,43.0,0.0,1008.0,1000.0,8.0,0.0,14.828373015873016,,,0.0,1715.0,4.0,0.0,0.0,,0.0,,,0.0,0.0,0.0,0.0,0.0,
Βόλβης,ΒΟΛΒΗΣ,9027,0.3,19755.0,284.0,10970.0,8501.0,783.0,56.0,313.0,415.0,25.229885057471265,0.0,0.0,0.0,4870.0,0.0,0.0,0.0,0.0,0.0,65.0,0.0,0.0,0.0,0.0,0.0,0.0,88108.55
Βόλου,ΒΟΛΟΥ,9105,0.365,139670.0,2137.0,2244.0,135289.0,385.0,114.0,85.0,186.0,362.7792207792208,2.0,1.0,1.0,7845.0,0.0,0.0,0.0,0.0,0.0,209.0,0.0,0.0,6.0,0.3,0.05,1500.0,117086.0
Βόρειας Κέρκυρας / Κεντρικής Κέρκυρας και Διαποντίων Νήσων / Νότιας Κέρκυρας,ΒΟΡΕΙΑΣ ΚΕΡΚΥΡΑΣ / ΚΕΝΤΡΙΚΗΣ ΚΕΡΚΥΡΑΣ ΚΑΙ ΔΙΑΠΟΝΤΙΩΝ ΝΗΣΩΝ / ΝΟΤΙΑΣ ΚΕΡΚΥΡΑΣ,9118,0.1886920733552565,99134.0,1383.0,11818.0,85933.0,613.0,41.0,167.0,405.0,161.7194127243067,6.0,13.0,2.0,6011.0,79.0,0.0,0.0,0.0,0.0,15.0,0.0,0.0,0.0,0.0,,50.0,0.0
Βόρειας Κυνουρίας,ΒΟΡΕΙΑΣ ΚΥΝΟΥΡΙΑΣ,9237,0.4524,9483.0,3805.0,4619.0,1059.0,577.0,413.0,160.0,5.0,16.435008665511265,1.0,0.0,1.0,2932.0,9.0,9.0,0.0030695770804911,1.0,1.0,3.0,0.0,0.0,24.284,20.396,0.8398945807939384,0.0,51716.0
Βορείων Τζουμέρκων,ΒΟΡΕΙΩΝ ΤΖΟΥΜΕΡΚΩΝ,9080,0.05,5058.0,5058.0,0.0,0.0,358.0,358.0,0.0,0.0,14.128491620111731,0.0,1.0,1.0,964.0,0.0,0.0,0.0,0.0,0.0,7.0,0.0,0.0,0.0,0.0,0.0,109433.91,0.0
Βριλησσίων,ΒΡΙΛΗΣΣΙΩΝ,9169,0.4359,32417.0,0.0,0.0,32417.0,4.0,0.0,0.0,4.0,8104.25,1.0,2.0,0.0,350.0,76.0,76.0,0.2171428571428571,13.0,13.0,6.0,1.0,1.0,117.17,89.73,0.7658103610139114,690.0,58272.47
Βύρωνος,ΒΥΡΩΝΟΣ,9187,0.6175,59134.0,0.0,59134.0,0.0,10.0,0.0,10.0,0.0,5913.4,2.0,4.0,1.0,130.0,0.0,0.0,0.0,0.0,0.0,2.0,0.0,0.0,263.982,247.482,0.9374957383457964,500.0,46437.0
Γαλατσίου,ΓΑΛΑΤΣΙΟΥ,9188,0.5222,57909.0,0.0,0.0,57909.0,4.0,0.0,0.0,4.0,14477.25,2.0,0.0,1.0,182.0,27.0,27.0,0.1483516483516483,1.0,1.0,5.0,0.0,0.0,766.5,766.5,1.0,75000.0,1500.0
Γαύδου,ΓΑΥΔΟΥ,9320,0.25,142.0,0.0,0.0,142.0,35.0,0.0,0.0,35.0,4.057142857142857,0.0,1.0,1.0,7.0,7.0,7.0,1.0,1.0,1.0,0.0,0.0,0.0,37.5,0.0,0.0,15.0,35473.14
Γεωργίου Καραϊσκάκη,ΓΕΩΡΓΙΟΥ ΚΑΡΑΙΣΚΑΚΗ,9074,0.0,5278.0,5278.0,0.0,0.0,465.0,465.0,0.0,0.0,11.3505376344086,,,0.0,541.0,0.0,0.0,0.0,3.0,2.0,2.0,,,0.0,0.0,0.0,0.0,
Γλυφάδας,ΓΛΥΦΑΔΑΣ,9196,0.7201000000000001,89597.0,0.0,89597.0,0.0,25.0,0.0,25.0,0.0,3583.88,2.0,4.0,1.0,1048.0,1018.0,1018.0,0.9713740458015268,36.0,36.0,25.0,21.0,21.0,418.06,418.06,1.0,450.0,111600.0
Γόρτυνας,ΓΟΡΤΥΝΑΣ,9304,0.4,14167.0,2821.0,6268.0,5078.0,465.0,100.0,247.0,118.0,30.466666666666665,0.0,2.0,0.0,695.0,0.0,0.0,0.0,0.0,0.0,0.0,0.0,0.0,0.0,0.0,0.0,99.5,340.0
Γορτυνίας,ΓΟΡΤΥΝΙΑΣ,9238,0.3,7915.0,6628.0,822.0,465.0,1052.0,930.0,64.0,58.0,7.523764258555133,2.0,6.0,0.0,3899.0,0.0,0.0,0.0,1.0,1.0,8.0,2.0,2.0,0.0,0.0,0.0,40.0,110000.0
Γρεβενών,ΓΡΕΒΕΝΩΝ,9061,0.8499,21421.0,8825.0,12596.0,0.0,1862.0,1769.0,93.0,0.0,11.504296455424274,3.0,0.0,1.0,4605.0,0.0,0.0,0.0,0.0,0.0,20.0,2.0,2.0,50.0,50.0,1.0,0.0,207945.29
Δάφνης - Υμηττού,ΔΑΦΝΗΣ - ΥΜΗΤΤΟΥ,9189,0.6499,33886.0,0.0,0.0,33886.0,2.0,0.0,0.0,2.0,16943.0,1.0,1.0,0.0,107.0,0.0,0.0,0.0,0.0,0.0,0.0,0.0,0.0,69.888,69.888,1.0,250.0,10000.0
Δέλτα,ΔΕΛΤΑ,9028,0.2,44935.0,0.0,0.0,44935.0,308.0,0.0,0.0,308.0,145.89285714285714,2.0,0.0,1.0,2369.0,34.0,0.0,0.0,,0.0,,0.0,0.0,0.0,2423.0,0.0,37193.8,0.0
Δελφών,ΔΕΛΦΩΝ,9165,0.1115,24165.0,14532.0,5087.0,4546.0,1126.0,947.0,172.0,6.0,21.460923623445822,0.0,13.0,1.0,4905.0,1.0,1.0,0.000203873598369,0.0,0.0,19.0,0.0,0.0,0.0,0.0,1946.37,163648.4,450.0
Δεσκάτης,ΔΕΣΚΑΤΗΣ,9062,0.4999,5155.0,3851.0,1304.0,0.0,433.0,269.0,164.0,0.0,11.905311778290994,0.0,0.0,1.0,630.0,0.0,0.0,0.0,0.0,0.0,1.0,0.0,0.0,10.0,10.0,1.0,40000.0,0.0
Διδυμοτείχου,ΔΙΔΥΜΟΤΕΙΧΟΥ,9007,0.3273,16060.0,0.0,0.0,16060.0,567.0,0.0,0.0,567.0,28.32451499118166,1.0,1.0,0.0,575.0,0.0,0.0,0.0,0.0,0.0,1.0,0.0,0.0,0.003,0.003,1.0,150.0,52484.96
Διονύσου,ΔΙΟΝΥΣΟΥ,9217,0.6367,42376.0,12339.0,30037.0,0.0,108.0,65.0,43.0,0.0,392.3703703703704,5.0,11.0,0.0,5922.0,0.0,0.0,0.0,1.0,1.0,96.0,0.0,0.0,3.33,3.33,1.0,397029.0,887338.16
Δίου - Ολύμπου,ΔΙΟΥ - ΟΛΥΜΠΟΥ,9046,0.3992,23955.0,2125.0,15793.0,6037.0,494.0,65.0,356.0,73.0,48.491902834008094,1.0,0.0,1.0,3969.0,0.0,0.0,0.0,0.0,0.0,69.0,0.0,0.0,45.0,45.0,1.0,0.0,117000.0
Διρφύων - Μεσσαπίων,ΔΙΡΦΥΩΝ - ΜΕΣΣΑΠΙΩΝ,9148,0.4687,15934.0,4085.0,1382.0,10467.0,774.0,512.0,84.0,178.0,20.58656330749354,2.0,4.0,0.0,3038.0,0.0,0.0,0.0,0.0,0.0,11.0,0.0,0.0,537.0,537.0,1.0,0.0,88749.0
Διστόμου - Αράχοβας - Αντίκυρας,ΔΙΣΤΟΜΟΥ - ΑΡΑΧΟΒΑΣ - ΑΝΤΙΚΥΡΑΣ,9143,0.7499,7612.0,7612.0,0.0,0.0,292.0,292.0,0.0,0.0,26.068493150684933,0.0,0.0,0.0,804.0,0.0,0.0,0.0,0.0,0.0,0.0,0.0,0.0,100.0,100.0,1.0,20.0,0.0
Δομοκού,ΔΟΜΟΚΟΥ,9159,0.3751,9159.0,1160.0,5489.0,2510.0,709.0,186.0,358.0,165.0,12.918194640338506,1.0,1.0,1.0,2015.0,136.0,136.0,0.0674937965260546,0.0,0.0,3.0,0.0,0.0,10.0,0.0,0.0,15.0,250000.0
Δοξάτου,ΔΟΞΑΤΟΥ,9001,0.2757,12059.0,142.0,1636.0,10281.0,243.0,35.0,63.0,145.0,49.62551440329218,1.0,1.0,1.0,909.0,0.0,0.0,8.0,,0.0,,0.0,0.0,712.5,27.0,0.0378947368421052,200.0,47000.0
Δράμας,ΔΡΑΜΑΣ,9002,0.4064,55679.0,2859.0,2360.0,50460.0,840.0,632.0,70.0,138.0,66.2845238095238,1.0,1.0,1.0,3033.0,39.0,39.0,0.0128585558852621,1.0,1.0,73.0,21.0,21.0,110.86,57.86,0.521919538156233,2088.0,45188.18
Δυτικής Αχαΐας,ΔΥΤΙΚΗΣ ΑΧΑΙΑΣ,9131,0.3499,25633.0,0.0,3239.0,22394.0,573.0,0.0,230.0,342.0,44.7347294938918,1.0,4.0,0.0,5133.0,0.0,0.0,0.0,0.0,0.0,39.0,0.0,0.0,381.575,381.575,1.0,120000.0,0.0
Δυτικής Λέσβου / Μυτιλήνης,ΔΥΤΙΚΗΣ ΛΕΣΒΟΥ / ΜΥΤΙΛΗΝΗΣ,9261,0.5660453202793864,83755.0,6736.0,23716.0,53303.0,1639.0,251.0,913.0,474.0,51.1012812690665,3.0,8.0,2.0,5900.0,0.0,0.0,,0.0,0.0,49.0,0.0,0.0,2115.7,2048.9,0.9684265254998348,280000.0,331019.52
Δυτικής Μάνης,ΔΥΤΙΚΗΣ ΜΑΝΗΣ,9253,0.3501,5875.0,1355.0,2784.0,1736.0,402.0,306.0,86.0,11.0,14.614427860696518,1.0,2.0,0.0,2817.0,0.0,0.0,0.0,0.0,0.0,1.0,1.0,1.0,300.0,0.088,0.0002933333333333,2.0,60000.0
Δωδώνης,ΔΩΔΩΝΗΣ,9081,0.5364,7199.0,6927.0,272.0,0.0,660.0,651.0,9.0,0.0,10.907575757575758,0.0,0.0,1.0,1696.0,0.0,0.0,0.0,0.0,0.0,6.0,0.0,0.0,274.6,254.6,0.9271667880553532,70.0,112000.0
Δωρίδος,ΔΩΡΙΔΟΣ,9166,0.5809000000000001,12034.0,7541.0,1106.0,3387.0,1001.0,910.0,53.0,38.0,12.021978021978022,1.0,3.0,1.0,6842.0,0.0,0.0,0.0,0.0,0.0,25.0,0.0,0.0,62.0,42.0,0.6774193548387096,9.0,34999.74
Έδεσσας,ΕΔΕΣΣΑΣ,9043,0.1208,26407.0,6468.0,834.0,19105.0,611.0,461.0,88.0,63.0,43.219312602291325,1.0,1.0,1.0,1468.0,0.0,0.0,0.0,0.0,0.0,10.0,0.0,0.0,22.515,22.515,1.0,67930.0,40254.42
Ελασσόνας,ΕΛΑΣΣΟΝΑΣ,9098,0.3611,25459.0,10978.0,13070.0,1411.0,1568.0,1021.0,484.0,64.0,16.236607142857142,0.0,0.0,1.0,2628.0,0.0,0.0,0.0,0.0,0.0,17.0,0.0,0.0,0.0,0.0,0.0,107.0,225574.8
Ελαφονήσου,ΕΛΑΦΟΝΗΣΟΥ,9249,0.0,898.0,0.0,0.0,898.0,20.0,0.0,0.0,20.0,44.9,0.0,0.0,0.0,199.0,0.0,0.0,0.0,0.0,0.0,0.0,0.0,0.0,0.0,0.0,0.0,0.0,16000.0
Ελευσίνας,ΕΛΕΥΣΙΝΑΣ,9229,0.6894,30147.0,0.0,0.0,30147.0,36.0,0.0,0.0,36.0,837.4166666666666,3.0,1.0,1.0,1033.0,0.0,0.0,0.0,2.0,2.0,25.0,0.0,0.0,95.0,60.0,0.631578947368421,448.0,140000.0
Ελληνικού - Αργυρούπολης,ΕΛΛΗΝΙΚΟΥ - ΑΡΓΥΡΟΥΠΟΛΗΣ,9197,0.0,50027.0,0.0,33312.0,16715.0,16.0,0.0,7.0,8.0,3126.6875,,,0.0,440.0,0.0,0.0,0.0,4.0,,,,0.0,0.0,0.0,0.0,0.0,
Εμμανουήλ Παππά,ΕΜΜΑΝΟΥΗΛ ΠΑΠΠΑ,9051,0.45,11585.0,1506.0,559.0,9520.0,337.0,90.0,45.0,202.0,34.37685459940653,1.0,0.0,1.0,1069.0,0.0,0.0,0.0,0.0,,13.0,6.0,6.0,0.0,0.0,0.0,0.0,22382.0
Εορδαίας,ΕΟΡΔΑΙΑΣ,9067,0.4499,42515.0,8088.0,34427.0,0.0,709.0,546.0,163.0,0.0,59.964739069111424,2.0,7.0,1.0,2484.0,23.0,0.0,0.0,0.0,,5.0,5.0,,233.2,233.2,1.0,0.0,
Επιδαύρου,ΕΠΙΔΑΥΡΟΥ,9234,0.5249,7030.0,376.0,6654.0,0.0,341.0,57.0,284.0,0.0,20.6158357771261,1.0,3.0,0.0,1651.0,0.0,0.0,0.0,0.0,,0.0,0.0,0.0,20.0,15.0,0.75,150.0,175000.0
Ερέτριας,ΕΡΕΤΡΙΑΣ,9149,0.3841,12652.0,151.0,8671.0,3830.0,170.0,35.0,110.0,25.0,74.4235294117647,0.0,5.0,0.0,6031.0,0.0,0.0,0.0,0.0,,46.0,0.0,0.0,107.0,30.0,0.2803738317757009,600.0,52000.0
Ερμιονίδας,ΕΡΜΙΟΝΙΔΑΣ,9235,0.3644,13567.0,1144.0,1094.0,11329.0,423.0,120.0,110.0,194.0,32.07328605200946,1.0,2.0,1.0,4075.0,0.0,0.0,0.0,0.0,,19.0,0.0,0.0,178.0,178.0,1.0,211.79,117036.0
Ερυμάνθου,ΕΡΥΜΑΝΘΟΥ,9132,0.2025,8211.0,3155.0,3158.0,1898.0,585.0,337.0,194.0,55.0,14.035897435897436,1.0,2.0,1.0,2065.0,0.0,0.0,0.0,0.0,,6.0,0.0,0.0,0.0,0.0,0.0,0.0,88000.0
Ευρώτα,ΕΥΡΩΤΑ,9250,0.6499,16058.0,1149.0,4340.0,10569.0,866.0,236.0,344.0,286.0,18.54272517321016,4.0,0.0,0.0,2676.0,0.0,0.0,0.0,0.0,,0.0,0.0,0.0,188.895,188.895,1.0,0.0,130729.0
Ζαγοράς - Μουρεσίου,ΖΑΓΟΡΑΣ - ΜΟΥΡΕΣΙΟΥ,9106,0.5599000000000001,4562.0,4311.0,251.0,0.0,150.0,147.0,3.0,0.0,30.41333333333333,0.0,0.0,1.0,1540.0,0.0,0.0,0.0,0.0,,12.0,0.0,0.0,21.9,21.9,1.0,3.14,67639.52
Ζαγορίου,ΖΑΓΟΡΙΟΥ,9082,0.5126000000000001,3374.0,3374.0,0.0,0.0,992.0,992.0,0.0,0.0,3.401209677419355,0.0,2.0,1.0,1435.0,0.0,0.0,0.0,0.0,,5.0,0.0,0.0,5220.0,220.0,0.0421455938697318,0.0,0.0
Ζακύνθου,ΖΑΚΥΝΘΟΥ,9116,0.2042,41180.0,29.0,8726.0,32425.0,408.0,7.0,281.0,119.0,100.9313725490196,5.0,1.0,1.0,6520.0,0.0,0.0,0.0,0.0,,11.0,0.0,0.0,10.773,0.15,0.0139236981342244,500000.0,0.0
Ζαχάρως,ΖΑΧΑΡΩΣ,9138,0.3033,8654.0,1610.0,2009.0,5035.0,277.0,133.0,97.0,46.0,31.24187725631769,1.0,1.0,1.0,3576.0,0.0,0.0,0.0,0.0,,8.0,0.0,0.0,100.0,26.0,0.26,500.0,240000.0
Ζηρού,ΖΗΡΟΥ,9088,0.0001,13079.0,2863.0,3316.0,6900.0,383.0,197.0,120.0,66.0,34.14882506527415,1.0,0.0,0.0,2399.0,1.0,1.0,0.0004168403501458,2.0,2.0,27.0,124.0,24.0,0.0,0.0,0.0,64421.82,0.0
Ζίτσας,ΖΙΤΣΑΣ,9083,0.1,13588.0,3441.0,6220.0,3927.0,568.0,321.0,218.0,29.0,23.922535211267604,0.0,0.0,1.0,2267.0,0.0,0.0,0.0,0.0,0.0,8.0,0.0,0.0,0.0,0.0,0.0,0.0,0.0
Ζωγράφου,ΖΩΓΡΑΦΟΥ,9190,0.6101,69874.0,0.0,69874.0,0.0,6.0,0.0,6.0,0.0,11645.666666666666,5.0,1.0,1.0,57.0,0.0,0.0,0.0,0.0,0.0,4.0,0.0,0.0,128.021,111.021,0.8672092859765195,250.0,17498.88
Ηγουμενίτσας,ΗΓΟΥΜΕΝΙΤΣΑΣ,9077,0.5,25698.0,420.0,21660.0,3618.0,431.0,47.0,347.0,37.0,59.62412993039443,1.0,1.0,1.0,2448.0,0.0,0.0,0.0,0.0,0.0,32.0,0.0,0.0,0.0,0.0,0.0,15.0,57200.0
Ήλιδας,ΗΛΙΔΑΣ,9139,0.6322,29347.0,130.0,2011.0,27206.0,401.0,9.0,104.0,287.0,73.18453865336659,0.0,4.0,1.0,3982.0,8.0,8.0,0.0020090406830738,0.0,0.0,30.0,22.0,22.0,0.18,0.18,1.0,1050.0,103454.8
Ηλιουπόλεως,ΗΛΙΟΥΠΟΛΕΩΣ,9191,0.4939,76730.0,0.0,76730.0,0.0,11.0,0.0,11.0,0.0,6975.454545454545,5.0,4.0,0.0,244.0,170.0,26.0,0.6967213114754098,160.0,3.0,4.0,4.0,0.0,318.548,95.0,0.2982282105051672,141290.0,2615.0
Ηρακλείας,ΗΡΑΚΛΕΙΑΣ,9052,0.2012,15713.0,0.0,2765.0,12948.0,453.0,0.0,199.0,254.0,34.68653421633554,,,0.0,1503.0,56.0,56.0,0.0372588157019294,0.0,,4.0,,0.0,0.0,0.0,0.0,141290.0,0.0
Ηρακλείου Αττικής,ΗΡΑΚΛΕΙΟΥ ΑΤΤΙΚΗΣ,9170,0.3266,50494.0,0.0,0.0,50494.0,5.0,0.0,0.0,5.0,10098.8,1.0,2.0,0.0,423.0,0.0,0.0,0.0,0.0,,11.0,0.0,0.0,30.744,3.2,0.1040853499869893,1500.0,24500.0
Ηρακλείου Κρήτης,ΗΡΑΚΛΕΙΟΥ ΚΡΗΤΗΣ,9305,0.5670000000000001,179302.0,1365.0,10953.0,166984.0,243.0,21.0,136.0,87.0,737.8683127572017,0.0,1.0,0.0,3481.0,55.0,55.0,0.0158000574547543,94.0,94.0,79.0,57.0,57.0,51.0,45.0,0.8823529411764706,1680.0,160212.35
Ηρωικής Νήσου Κάσου,ΗΡΩΙΚΗΣ ΝΗΣΟΥ ΚΑΣΟΥ,9281,0.6999000000000001,1223.0,0.0,1223.0,0.0,72.0,0.0,72.0,0.0,16.98611111111111,0.0,1.0,1.0,75.0,0.0,0.0,0.0,0.0,0.0,0.0,0.0,0.0,0.95,0.95,1.0,0.2,24899.32
Ηρωικής Νήσου Ψαρών,ΗΡΩΙΚΗΣ ΝΗΣΟΥ ΨΑΡΩΝ,9267,0.5999,420.0,0.0,420.0,0.0,44.0,0.0,44.0,0.0,9.545454545454543,1.0,2.0,0.0,56.0,0.0,0.0,0.0,0.0,0.0,0.0,0.0,0.0,16.15,16.15,1.0,10.0,27058.44
Ηρωϊκής Πόλεως Νάουσας,ΗΡΩΙΚΗΣ ΠΟΛΕΩΣ ΝΑΟΥΣΑΣ,9025,0.0295,30054.0,18679.0,0.0,11375.0,426.0,271.0,0.0,155.0,70.54929577464789,1.0,1.0,0.0,1044.0,205.0,205.0,0.1963601532567049,0.0,0.0,7.0,7.0,7.0,0.0,0.0,0.0,37200.0,0.0
Θάσου,ΘΑΣΟΥ,9011,0.2,13104.0,3067.0,10037.0,0.0,385.0,104.0,281.0,0.0,34.03636363636364,0.0,2.0,1.0,2495.0,0.0,0.0,0.0,0.0,0.0,16.0,0.0,0.0,0.0,0.0,0.0,0.0,74400.0
Θερμαϊκού,ΘΕΡΜΑΙΚΟΥ,9029,0.4158,45561.0,0.0,0.0,45561.0,135.0,0.0,0.0,135.0,337.4888888888889,1.0,0.0,1.0,6165.0,0.0,0.0,0.0,0.0,0.0,132.0,2.0,2.0,1719.015,773.14,0.44975756465185,2500.0,78747.96
Θέρμης,ΘΕΡΜΗΣ,9030,0.2837,55358.0,351.0,20979.0,34028.0,381.0,40.0,134.0,207.0,145.29658792650918,1.0,3.0,1.0,4760.0,100.0,100.0,0.0210084033613445,67.0,67.0,76.0,67.0,67.0,0.0,680.0,0.0,3500.0,178400.01
Θέρμου,ΘΕΡΜΟΥ,9126,0.5999,5712.0,3958.0,723.0,1031.0,335.0,254.0,42.0,39.0,17.050746268656717,1.0,0.0,0.0,1577.0,0.0,0.0,0.0,0.0,0.0,4.0,0.0,0.0,0.03,0.03,1.0,40000.0,100.0
Θεσσαλονίκης,ΘΕΣΣΑΛΟΝΙΚΗΣ,9031,0.5749000000000001,319045.0,0.0,0.0,319045.0,21.0,0.0,0.0,21.0,15192.619047619048,10.0,5.0,1.0,826.0,0.0,0.0,0.0,0.0,0.0,75.0,10.0,10.0,0.655,0.655,1.0,169.47,52080.0
Θηβαίων,ΘΗΒΑΙΩΝ,9144,0.0,32410.0,337.0,5432.0,26641.0,830.0,39.0,397.0,394.0,39.04819277108434,2.0,0.0,0.0,2623.0,5.0,0.0,0.0,0.0,0.0,,,,0.0,0.0,0.0,0.0,
Θήρας,ΘΗΡΑΣ,9270,0.45,15480.0,0.0,1547.0,13933.0,91.0,0.0,11.0,80.0,170.1098901098901,1.0,1.0,1.0,667.0,5.0,0.0,0.0,0.0,0.0,1.0,0.0,,0.0,0.0,0.0,0.0,37200.0
Ιάσμου,ΙΑΣΜΟΥ,9020,0.6614,12247.0,635.0,8756.0,2856.0,486.0,54.0,337.0,95.0,25.19958847736625,1.0,0.0,1.0,288.0,22.0,22.0,0.0763888888888889,0.0,0.0,6.0,4.0,4.0,200.0,200.0,1.0,2.82,0.0
Ιεράπετρας,ΙΕΡΑΠΕΤΡΑΣ,9311,0.35,27338.0,1485.0,7625.0,18228.0,471.0,159.0,232.0,79.0,58.04246284501062,2.0,0.0,1.0,1253.0,0.0,0.0,0.0,0.0,0.0,0.0,0.0,0.0,0.0,0.0,0.0,0.0,95041.45
Ιεράς Πόλης Μεσολογγίου,ΙΕΡΑΣ ΠΟΛΗΣ ΜΕΣΟΛΟΓΓΙΟΥ,9127,0.4999,32048.0,670.0,1102.0,30276.0,641.0,73.0,51.0,517.0,49.996879875195006,1.0,,1.0,3001.0,0.0,0.0,0.0,0.0,0.0,18.0,0.0,0.0,10.0,10.0,1.0,250.0,30000.0
Ιητών,ΙΗΤΩΝ,9271,0.1931,2299.0,0.0,2299.0,0.0,109.0,0.0,109.0,0.0,21.091743119266056,1.0,1.0,1.0,81.0,77.0,77.0,0.9506172839506172,0.0,0.0,1.0,,0.0,10.0,10.0,1.0,24000.0,70.0
Ιθάκης,ΙΘΑΚΗΣ,9117,0.7999,2862.0,85.0,2777.0,0.0,117.0,25.0,92.0,0.0,24.46153846153846,1.0,1.0,0.0,697.0,0.0,0.0,0.0,0.0,0.0,0.0,0.0,0.0,60.0,60.0,1.0,0.0,120772.65
Ικαρίας,ΙΚΑΡΙΑΣ,9259,0.0,8843.0,7996.0,847.0,0.0,255.0,246.0,8.0,0.0,34.67843137254902,,,0.0,1257.0,,0.0,0.0,,0.0,0.0,,0.0,0.0,0.0,0.0,0.0,
Ιλίου,ΙΛΙΟΥ,9182,0.7999,84004.0,0.0,0.0,84004.0,8.0,0.0,0.0,8.0,10500.5,1.0,0.0,1.0,516.0,0.0,0.0,0.0,0.0,0.0,6.0,0.0,0.0,780.0,780.0,1.0,10381.0,24800.0
Ιστιαίας - Αιδηψού,ΙΣΤΙΑΙΑΣ - ΑΙΔΗΨΟΥ,9150,0.2,19396.0,586.0,8906.0,9904.0,509.0,91.0,275.0,142.0,38.10609037328094,2.0,1.0,1.0,5760.0,0.0,0.0,0.0,0.0,0.0,41.0,0.0,0.0,0.0,0.0,0.0,1477.96,190000.0
Ιωαννιτών,ΙΩΑΝΝΙΤΩΝ,9084,0.7999,113978.0,10473.0,20106.0,83399.0,403.0,242.0,109.0,53.0,282.8238213399504,3.0,0.0,1.0,6441.0,0.0,0.0,0.0,0.0,0.0,81.0,0.0,0.0,635.444,635.444,1.0,166061.5,4500.0
Καβάλας,ΚΑΒΑΛΑΣ,9012,0.15,66376.0,429.0,60026.0,5921.0,356.0,138.0,146.0,73.0,186.4494382022472,0.0,0.0,0.0,2320.0,1.0,0.0,0.0,1.0,43.0,1.0,1.0,,0.0,0.0,0.0,166061.5,0.0
Καισαριανής,ΚΑΙΣΑΡΙΑΝΗΣ,9192,0.0,26269.0,26269.0,0.0,0.0,8.0,8.0,0.0,0.0,3283.625,,,0.0,36.0,1.0,0.0,0.0,0.0,0.0,0.0,,,0.0,0.0,0.0,166061.5,0.0
Καλαβρύτων,ΚΑΛΑΒΡΥΤΩΝ,9133,0.6617000000000001,9223.0,9223.0,0.0,0.0,1058.0,1058.0,0.0,0.0,8.717391304347826,1.0,4.0,1.0,3745.0,0.0,0.0,0.0,0.0,0.0,4.0,0.0,,465.6,465.6,1.0,210.0,183000.0
Καλαμαριάς,ΚΑΛΑΜΑΡΙΑΣ,9032,0.4537,92248.0,0.0,0.0,92248.0,7.0,0.0,0.0,7.0,13178.285714285714,1.0,0.0,0.0,299.0,0.0,0.0,0.0,0.0,0.0,19.0,0.0,,376.588,376.588,1.0,67022.0,2500.0
Καλαμάτας,ΚΑΛΑΜΑΤΑΣ,9254,0.0,72906.0,4987.0,58919.0,9000.0,442.0,304.0,51.0,87.0,164.94570135746605,,,0.0,8457.0,39.0,0.0,0.0,,0.0,,,,0.0,0.0,0.0,67022.0,0.0
Καλλιθέας,ΚΑΛΛΙΘΕΑΣ,9198,0.2661,97616.0,0.0,0.0,97616.0,5.0,0.0,0.0,5.0,19523.2,2.0,0.0,0.0,67.0,0.0,0.0,0.0,0.0,0.0,3.0,0.0,,0.0,0.0,0.0,84.4,0.0
Καλυμνίων,ΚΑΛΥΜΝΙΩΝ,9276,0.2999,17752.0,0.0,17752.0,0.0,134.0,0.0,134.0,0.0,132.47761194029852,0.0,2.0,0.0,1372.0,0.0,0.0,0.0,0.0,0.0,1.0,0.0,,5.0,5.0,1.0,5.0,30000.0
Καμένων Βούρλων,ΚΑΜΕΝΩΝ ΒΟΥΡΛΩΝ,9163,0.5,10924.0,3195.0,3515.0,4214.0,340.0,126.0,124.0,89.0,32.129411764705885,1.0,0.0,1.0,2948.0,0.0,0.0,0.0,0.0,0.0,14.0,0.0,,0.0,0.0,0.0,500.0,62000.0
Καντάνου - Σελίνου,ΚΑΝΤΑΝΟΥ - ΣΕΛΙΝΟΥ,9321,0.2333,5009.0,4732.0,277.0,0.0,375.0,323.0,52.0,0.0,13.357333333333331,0.0,3.0,0.0,352.0,0.0,0.0,0.0,0.0,0.0,0.0,0.0,,0.0,0.0,0.0,111600.0,900.0
Καρδίτσας,ΚΑΡΔΙΤΣΑΣ,9092,0.3488,55979.0,2415.0,818.0,52746.0,651.0,304.0,59.0,287.0,85.98924731182795,2.0,0.0,0.0,4320.0,63.0,63.0,0.0145833333333333,3.0,3.0,26.0,20.0,20.0,2730.0,2700.0,0.989010989010989,111600.0,58000.0
Καρπάθου,ΚΑΡΠΑΘΟΥ,9280,0.0,6567.0,729.0,1613.0,4225.0,322.0,59.0,186.0,77.0,20.3944099378882,1.0,0.0,0.0,486.0,0.0,0.0,0.0,1.0,0.0,,,,0.0,0.0,0.0,111600.0,
Καρπενησίου,ΚΑΡΠΕΝΗΣΙΟΥ,9157,0.3,11445.0,11445.0,0.0,0.0,949.0,949.0,0.0,0.0,12.060063224446786,4.0,1.0,0.0,2612.0,0.0,0.0,0.0,0.0,0.0,7.0,0.0,,0.0,0.0,0.0,111600.0,98209.72
Καρύστου,ΚΑΡΥΣΤΟΥ,9151,0.3,11903.0,1073.0,5464.0,5366.0,675.0,221.0,420.0,35.0,17.634074074074075,2.0,3.0,0.0,4967.0,15.0,0.0,0.0,,0.0,,,,0.0,12.0,0.0,111600.0,140.0
Κασσάνδρας,ΚΑΣΣΑΝΔΡΑΣ,9057,0.125,16861.0,0.0,1451.0,15410.0,337.0,0.0,87.0,250.0,50.032640949554896,2.0,,0.0,4658.0,0.0,0.0,0.0,0.0,0.0,31.0,0.0,,80.0,20.0,0.25,481.0,210000.0
Καστοριάς,ΚΑΣΤΟΡΙΑΣ,9063,0.6745,33095.0,28777.0,4318.0,0.0,764.0,694.0,70.0,0.0,43.318062827225134,1.0,1.0,1.0,1567.0,26.0,0.0,0.0,0.0,0.0,,0.0,,134.713,107.713,0.7995739089768619,54.44,165167.72
Κατερίνης,ΚΑΤΕΡΙΝΗΣ,9047,0.6148,82892.0,3725.0,2052.0,77115.0,683.0,303.0,112.0,268.0,121.3645680819912,2.0,0.0,1.0,4466.0,0.0,0.0,0.0,0.0,0.0,33.0,14.0,14.0,674.502,663.0,0.9829474189846732,447.49,98000.0
Κάτω Νευροκοπίου,ΚΑΤΩ ΝΕΥΡΟΚΟΠΙΟΥ,9003,0.6654,5323.0,5323.0,0.0,0.0,874.0,874.0,0.0,0.0,6.090389016018307,1.0,0.0,1.0,737.0,76.0,76.0,0.1031207598371777,0.0,0.0,1.0,0.0,0.0,20.7,20.7,1.0,49607.45,1563.0
Κέας,ΚΕΑΣ,9282,0.7999,2335.0,0.0,2335.0,0.0,149.0,0.0,149.0,0.0,15.671140939597317,1.0,3.0,1.0,585.0,0.0,0.0,0.0,0.0,0.0,4.0,0.0,0.0,75.0,75.0,1.0,0.0,16365.36
Κεντρικών Τζουμέρκων,ΚΕΝΤΡΙΚΩΝ ΤΖΟΥΜΕΡΚΩΝ,9075,0.5324,5498.0,5092.0,406.0,0.0,510.0,462.0,49.0,0.0,10.780392156862746,0.0,1.0,1.0,1296.0,0.0,0.0,0.0,0.0,0.0,0.0,0.0,0.0,242.009,26.16,0.1080951534860273,0.0,47000.0
Κερατσινίου - Δραπετσώνας,ΚΕΡΑΤΣΙΝΙΟΥ - ΔΡΑΠΕΤΣΩΝΑΣ,9202,0.4749,89536.0,0.0,0.0,89536.0,11.0,0.0,0.0,11.0,8139.636363636364,0.0,0.0,0.0,234.0,0.0,0.0,0.0,0.0,0.0,7.0,0.0,0.0,128.54,96.632,0.7517659872413257,412.79,0.0
Κηφισιάς,ΚΗΦΙΣΙΑΣ,9171,0.4499,72878.0,0.0,54274.0,18604.0,35.0,0.0,30.0,5.0,2082.228571428572,4.0,4.0,0.0,2739.0,0.0,0.0,0.0,0.0,0.0,72.0,0.0,0.0,40.0,20.0,0.5,2500.0,200000.0
Κιλελέρ,ΚΙΛΕΛΕΡ,9099,0.2,18070.0,0.0,811.0,17259.0,977.0,0.0,86.0,890.0,18.49539406345957,0.0,0.0,1.0,2526.0,6.0,0.0,0.0,4.0,0.0,4.0,,,0.0,0.0,125000.0,0.0,
Κιλκίς,ΚΙΛΚΙΣ,9040,0.6948000000000001,45308.0,971.0,3593.0,40744.0,1600.0,284.0,408.0,907.0,28.3175,1.0,1.0,1.0,8232.0,181.0,181.0,0.0219873663751214,31.0,31.0,55.0,16.0,16.0,1330.0,1280.0,0.962406015037594,65.0,56000.0
Κιμώλου,ΚΙΜΩΛΟΥ,9286,0.0,810.0,0.0,810.0,0.0,56.0,0.0,56.0,0.0,14.464285714285714,,,0.0,286.0,0.0,0.0,0.0,0.0,0.0,,,,0.0,0.0,0.0,0.0,
Κισσάμου,ΚΙΣΣΑΜΟΥ,9322,0.3499,10632.0,951.0,3594.0,6087.0,342.0,128.0,182.0,32.0,31.087719298245613,1.0,1.0,0.0,953.0,0.0,0.0,0.0,0.0,0.0,4.0,0.0,,30.6,30.6,1.0,7.0,57660.0
Κοζάνης,ΚΟΖΑΝΗΣ,9068,0.0927,67224.0,55488.0,10854.0,882.0,1073.0,810.0,208.0,55.0,62.65051258154706,4.0,0.0,0.0,5110.0,0.0,0.0,0.0,3.0,3.0,45.0,33.0,33.0,103.5,32.0,0.3091787439613526,99.0,62000.0
Κομοτηνής,ΚΟΜΟΤΗΝΗΣ,9021,0.812,65243.0,1418.0,0.0,63825.0,645.0,201.0,0.0,444.0,101.15193798449612,1.0,2.0,1.0,2435.0,197.0,0.0,0.0809034907597535,0.0,0.0,35.0,19.0,19.0,155.0,155.0,1.0,400.0,145000.0
Κόνιτσας,ΚΟΝΙΤΣΑΣ,9085,0.4199,5296.0,5044.0,252.0,0.0,952.0,937.0,16.0,0.0,5.563025210084033,3.0,0.0,0.0,972.0,0.0,0.0,0.0,0.0,0.0,2.0,0.0,0.0,40.0,40.0,1.0,100.0,74541.0
Κορδελιού - Ευόσμου,ΚΟΡΔΕΛΙΟΥ - ΕΥΟΣΜΟΥ,9033,0.2481,105352.0,0.0,0.0,105352.0,15.0,0.0,0.0,15.0,7023.466666666666,5.0,0.0,1.0,1071.0,10.0,10.0,0.0093370681605975,1.0,1.0,19.0,16.0,16.0,0.0,103.979,12490.76,4450.0,2918.0
Κορινθίων,ΚΟΡΙΝΘΙΩΝ,9243,0.4881,55941.0,2224.0,8511.0,45206.0,612.0,254.0,232.0,126.0,91.40686274509804,3.0,3.0,1.0,6847.0,0.0,0.0,0.0,0.0,0.0,51.0,0.0,0.0,25.5,24.5,0.9607843137254902,4450.0,394334.39
Κορυδαλλού,ΚΟΡΥΔΑΛΛΟΥ,9203,0.5699000000000001,61248.0,0.0,0.0,61248.0,5.0,0.0,0.0,5.0,12249.6,1.0,1.0,0.0,365.0,0.0,0.0,0.0,0.0,0.0,3.0,0.0,0.0,3.8,3.8,1.0,4450.0,40000.0
Κρωπίας,ΚΡΩΠΙΑΣ,9218,0.6791,30817.0,0.0,0.0,30817.0,117.0,0.0,0.0,117.0,263.3931623931624,1.0,7.0,1.0,7099.0,110.0,0.0,0.0,,0.0,,0.0,0.0,500.0,500.0,1.0,798.0,282729.03
Κυθήρων,ΚΥΘΗΡΩΝ,9209,0.4097,3644.0,0.0,3427.0,217.0,299.0,0.0,269.0,31.0,12.187290969899664,1.0,3.0,1.0,1279.0,0.0,0.0,0.0,0.0,0.0,0.0,0.0,0.0,100.05,100.0,0.9995002498750624,10.0,50000.0
Κύθνου,ΚΥΘΝΟΥ,9283,0.5799000000000001,1568.0,0.0,1568.0,0.0,100.0,0.0,100.0,0.0,15.68,2.0,1.0,0.0,248.0,0.0,0.0,0.0,0.0,0.0,0.0,0.0,0.0,75.0,70.0,0.9333333333333332,45.0,70000.0
Κύμης - Αλιβερίου,ΚΥΜΗΣ - ΑΛΙΒΕΡΙΟΥ,9152,0.0,26350.0,2142.0,9932.0,14276.0,804.0,202.0,347.0,255.0,32.77363184079602,1.0,8.0,0.0,11046.0,0.0,0.0,0.0,0.0,0.0,51.0,0.0,0.0,0.0,0.0,330.28000000000003,76801.65000000001,0.0
Κω,ΚΩ,9284,0.0503,37089.0,0.0,4746.0,32343.0,288.0,0.0,35.0,254.0,128.78125,2.0,2.0,1.0,1057.0,0.0,0.0,0.0,0.0,0.0,5.0,0.0,0.0,918.4,0.918,0.0009995644599303,106776.0,0.0
Λαγκαδά,ΛΑΓΚΑΔΑ,9034,0.0,37022.0,4494.0,5279.0,27249.0,1222.0,411.0,390.0,420.0,30.2962356792144,,,0.0,4429.0,44.0,0.0,0.0,5.0,0.0,,,,0.0,0.0,0.0,106776.0,
Λαμιέων,ΛΑΜΙΕΩΝ,9160,0.7999,66657.0,3306.0,2898.0,60453.0,948.0,519.0,140.0,289.0,70.3132911392405,2.0,1.0,1.0,7725.0,0.0,0.0,0.0,25.0,25.0,90.0,43.0,43.0,25.0,25.0,1.0,1429.0,109879.5
Λαρισαίων,ΛΑΡΙΣΑΙΩΝ,9100,0.5079,164095.0,0.0,0.0,164095.0,336.0,0.0,0.0,336.0,488.3779761904762,6.0,1.0,0.0,6169.0,0.0,0.0,0.0,0.0,0.0,41.0,0.0,0.0,1133.0,1133.0,1.0,0.0,49574.0
Λαυρεωτικής,ΛΑΥΡΕΩΤΙΚΗΣ,9219,0.6166,25199.0,0.0,0.0,25199.0,171.0,0.0,0.0,171.0,147.3625730994152,2.0,11.0,1.0,8896.0,0.0,0.0,0.0,0.0,0.0,60.0,0.0,0.0,21839.594,21839.628,1.0000015568054974,15000.0,698786.4
Λεβαδέων,ΛΕΒΑΔΕΩΝ,9145,0.1189,29379.0,2843.0,25116.0,1420.0,690.0,281.0,274.0,135.0,42.57826086956522,1.0,0.0,1.0,1929.0,10.0,0.0,0.0051840331778123,5.0,0.0,21.0,5.0,0.0,405.0,360.0,0.8888888888888888,500.0,96000.0
Λειψών,ΛΕΙΨΩΝ,9277,0.0,778.0,0.0,778.0,0.0,17.0,0.0,17.0,0.0,45.76470588235294,0.0,2.0,0.0,93.0,0.0,0.0,0.0,0.0,0.0,0.0,0.0,0.0,0.0,0.0,0.0,0.0,23000.0
Λέρου,ΛΕΡΟΥ,9278,0.0,7992.0,0.0,7992.0,0.0,75.0,0.0,75.0,0.0,106.56,,,0.0,529.0,7.0,0.0,0.0,,0.0,,,0.0,0.0,0.0,0.0,0.0,
Λευκάδας,ΛΕΥΚΑΔΑΣ,9121,0.3,21900.0,2403.0,6606.0,12891.0,332.0,161.0,140.0,31.0,65.96385542168674,0.0,8.0,0.0,4021.0,0.0,0.0,0.0,0.0,0.0,43.0,0.0,0.0,1200.0,0.0,0.0,300.0,37133.0
Λήμνου,ΛΗΜΝΟΥ,9263,0.1271,16411.0,0.0,957.0,15454.0,480.0,0.0,86.0,395.0,34.18958333333333,2.0,2.0,0.0,1304.0,0.0,0.0,0.0,0.0,0.0,2.0,0.0,0.0,566.128,76.0,0.1342452590226945,40.0,10000.0
Λίμνης Πλαστήρα,ΛΙΜΝΗΣ ΠΛΑΣΤΗΡΑ,9093,0.5750000000000001,5234.0,5234.0,0.0,0.0,197.0,197.0,0.0,0.0,26.56852791878173,4.0,0.0,1.0,1066.0,0.0,0.0,0.0,0.0,0.0,,0.0,0.0,40.0,10.0,0.25,5.0,47000.0
Λοκρών,ΛΟΚΡΩΝ,9161,0.4736,17788.0,0.0,8816.0,8972.0,613.0,0.0,396.0,217.0,29.017944535073408,1.0,1.0,1.0,3799.0,0.0,0.0,0.0,39.0,0.0,,,0.0,75.0,75.0,1.0,90000.0,174994.21
Λουτρακίου - Περαχώρας - Αγίων Θεοδώρων,ΛΟΥΤΡΑΚΙΟΥ - ΠΕΡΑΧΩΡΑΣ - ΑΓΙΩΝ ΘΕΟΔΩΡΩΝ,9244,0.4,22016.0,454.0,18853.0,2709.0,296.0,61.0,220.0,14.0,74.37837837837837,1.0,1.0,1.0,7512.0,48.0,0.0,0.0,39.0,0.0,,,0.0,0.0,0.0,0.0,179000.0,1150.0
Λυκόβρυσης - Πεύκης,ΛΥΚΟΒΡΥΣΗΣ - ΠΕΥΚΗΣ,9172,0.6171,30998.0,0.0,0.0,30998.0,4.0,0.0,0.0,4.0,7749.5,1.0,3.0,0.0,376.0,43.0,43.0,0.1143617021276595,79.0,79.0,5.0,3.0,3.0,180.0,180.0,1.0,550.0,10000.0
Μακρακώμης,ΜΑΚΡΑΚΩΜΗΣ,9162,0.0,13500.0,5500.0,2500.0,5500.0,837.0,630.0,140.0,68.0,16.129032258064516,,,0.0,3141.0,0.0,0.0,0.0,12.0,0.0,,,,0.0,0.0,0.0,0.0,
Μαλεβιζίου,ΜΑΛΕΒΙΖΙΟΥ,9306,0.2651,25734.0,3034.0,5107.0,17593.0,292.0,146.0,114.0,32.0,88.13013698630137,0.0,0.0,1.0,992.0,0.0,0.0,0.0,12.0,0.0,17.0,,,0.0,0.0,0.0,0.0,47000.0
Μάνδρας - Ειδυλλίας,ΜΑΝΔΡΑΣ - ΕΙΔΥΛΛΙΑΣ,9230,0.35,17822.0,2514.0,15308.0,0.0,427.0,145.0,282.0,0.0,41.73770491803279,2.0,0.0,0.0,3894.0,0.0,0.0,0.0,12.0,0.0,24.0,,,0.0,0.0,0.0,450.0,900.0
Μαντουδίου - Λίμνης - Αγίας Άννας,ΜΑΝΤΟΥΔΙΟΥ - ΛΙΜΝΗΣ - ΑΓΙΑΣ ΑΝΝΑΣ,9153,0.4689,12235.0,899.0,6912.0,4424.0,587.0,156.0,331.0,99.0,20.843270868824533,0.0,1.0,1.0,3811.0,0.0,0.0,0.0,0.0,0.0,20.0,0.0,,493.75,195.75,0.3964556962025316,50.0,187000.0
Μαραθώνος,ΜΑΡΑΘΩΝΟΣ,9220,0.4716,31331.0,0.0,21268.0,10063.0,227.0,0.0,132.0,95.0,138.02202643171807,2.0,4.0,1.0,8939.0,865.0,865.0,0.0967669761718313,693.0,693.0,155.0,105.0,105.0,311.365,215.0,0.6905079247828112,8.05,293973.91000000003
Μαρκοπούλου Μεσογαίας,ΜΑΡΚΟΠΟΥΛΟΥ ΜΕΣΟΓΑΙΑΣ,9221,0.6389,21722.0,0.0,0.0,21722.0,78.0,0.0,0.0,78.0,278.4871794871795,2.0,2.0,1.0,5951.0,0.0,0.0,0.0,179.0,0.0,,,,175.0,113.1,0.6462857142857142,130871.48,612.0
Μαρωνείας - Σαπών,ΜΑΡΩΝΕΙΑΣ - ΣΑΠΩΝ,9022,0.2643,11867.0,128.0,537.0,11202.0,644.0,65.0,94.0,485.0,18.42701863354037,1.0,0.0,1.0,1268.0,0.0,0.0,0.0,0.0,0.0,10.0,0.0,,0.0,0.0,0.0,2.0,50000.0
Μεγαλόπολης,ΜΕΓΑΛΟΠΟΛΗΣ,9239,0.1565,8784.0,2221.0,966.0,5597.0,723.0,494.0,144.0,85.0,12.149377593360995,1.0,4.0,0.0,3152.0,0.0,0.0,0.0,0.0,0.0,8.0,0.0,,0.0,2068.84,0.0,236526.27,326.0
Μεγανησίου,ΜΕΓΑΝΗΣΙΟΥ,9122,0.4812,926.0,0.0,538.0,388.0,23.0,0.0,17.0,6.0,40.26086956521739,1.0,2.0,0.0,116.0,0.0,0.0,0.0,0.0,0.0,2.0,0.0,,8.0,3.5,0.4375,1000.0,23000.0
Μεγαρέων,ΜΕΓΑΡΕΩΝ,9231,0.458,38033.0,0.0,30773.0,7260.0,331.0,0.0,323.0,8.0,114.90332326283988,2.0,1.0,1.0,5481.0,0.0,0.0,0.0,0.0,0.0,47.0,0.0,,2000.0,120.0,0.06,7000.0,145000.0
Μεγίστης,ΜΕΓΙΣΤΗΣ,9295,0.7999,584.0,0.0,584.0,0.0,12.0,0.0,12.0,0.0,48.66666666666666,1.0,0.0,1.0,86.0,0.0,0.0,0.0,0.0,0.0,0.0,0.0,,0.005,0.005,1.0,5.0,22000.0
Μεσσήνης,ΜΕΣΣΗΝΗΣ,9255,0.3377,19170.0,470.0,3019.0,15681.0,563.0,97.0,201.0,265.0,34.04973357015986,0.0,10.0,1.0,6433.0,0.0,0.0,0.0,0.0,0.0,15.0,1.0,1.0,0.0,58.1,0.0,20.0,126623.68
Μεταμορφώσεως,ΜΕΤΑΜΟΡΦΩΣΕΩΣ,9173,0.4018,30174.0,0.0,0.0,30174.0,6.0,0.0,0.0,6.0,5029.0,2.0,1.0,1.0,506.0,0.0,0.0,0.0,0.0,0.0,2.0,0.0,0.0,55.615,4.447,0.0799604423267104,286.0,29939.8
Μετεώρων,ΜΕΤΕΩΡΩΝ,9112,0.27,19274.0,6150.0,10909.0,2215.0,1659.0,1410.0,198.0,51.0,11.617842073538275,1.0,0.0,0.0,2931.0,0.0,0.0,0.0,0.0,0.0,7.0,0.0,0.0,84.0,0.0,0.0,100.0,156000.0
Μετσόβου,ΜΕΤΣΟΒΟΥ,9086,0.2454,5432.0,5432.0,0.0,0.0,363.0,363.0,0.0,0.0,14.96418732782369,1.0,0.0,0.0,522.0,0.0,0.0,0.0,0.0,0.0,3.0,0.0,0.0,55.0,45.0,0.8181818181818182,75.0,60000.0
Μήλου,ΜΗΛΟΥ,9287,0.0,5302.0,0.0,902.0,4400.0,168.0,0.0,94.0,74.0,31.55952380952381,,,0.0,521.0,4.0,0.0,0.0,,0.0,,,0.0,0.0,0.0,0.0,0.0,
Μινώα Πεδιάδας,ΜΙΝΩΑ ΠΕΔΙΑΔΑΣ,9307,0.1506,14165.0,1613.0,9218.0,3334.0,398.0,77.0,218.0,104.0,35.59045226130653,1.0,1.0,1.0,1180.0,5.0,5.0,0.0042372881355932,0.0,0.0,5.0,0.0,0.0,0.0,0.0,0.0,70.0,36000.0
Μονεμβασίας,ΜΟΝΕΜΒΑΣΙΑΣ,9251,0.1616,21816.0,1707.0,9107.0,11002.0,950.0,290.0,401.0,259.0,22.96421052631579,7.0,1.0,1.0,9259.0,0.0,0.0,0.0,0.0,0.0,11.0,0.0,0.0,35.0,35.0,1.0,141000.0,190.0
Μοσχάτου - Ταύρου,ΜΟΣΧΑΤΟΥ - ΤΑΥΡΟΥ,9199,0.6499,39661.0,0.0,0.0,39661.0,5.0,0.0,0.0,5.0,7932.2,2.0,0.0,0.0,152.0,0.0,0.0,0.0,0.0,0.0,2.0,0.0,0.0,60.0,60.0,1.0,132.0,23910.0
Μουζακίου,ΜΟΥΖΑΚΙΟΥ,9094,0.1444,11245.0,2344.0,1980.0,6921.0,313.0,157.0,14.0,142.0,35.926517571884986,1.0,4.0,1.0,2045.0,0.0,0.0,0.0,1.0,0.0,,0.0,0.0,2704.0,2188.0,0.8091715976331361,70.0,6500.0
Μύκης,ΜΥΚΗΣ,9016,0.4823,14237.0,14237.0,0.0,0.0,634.0,634.0,0.0,0.0,22.45583596214511,2.0,1.0,1.0,60.0,0.0,0.0,0.0,0.0,0.0,0.0,0.0,0.0,228.374,215.0,0.9414381672169336,43000.0,245.0
Μυκόνου,ΜΥΚΟΝΟΥ,9290,0.3077,10704.0,0.0,0.0,10704.0,106.0,0.0,0.0,106.0,100.98113207547168,0.0,0.0,1.0,717.0,0.0,0.0,0.0,0.0,0.0,1.0,0.0,0.0,28.25,28.25,1.0,43000.0,52300.72
Μυλοποτάμου,ΜΥΛΟΠΟΤΑΜΟΥ,9317,0.4817,12820.0,5111.0,2747.0,4962.0,361.0,165.0,134.0,62.0,35.51246537396122,0.0,0.0,0.0,717.0,0.0,0.0,0.0,0.0,0.0,1.0,0.0,0.0,100.0,100.0,1.0,500.0,58467.0
Νάξου και Μικρών Κυκλάδων,ΝΑΞΟΥ ΚΑΙ ΜΙΚΡΩΝ ΚΥΚΛΑΔΩΝ,9292,0.2804,20578.0,1390.0,5119.0,14069.0,498.0,94.0,283.0,121.0,41.321285140562246,5.0,6.0,1.0,1265.0,0.0,0.0,0.0,0.0,0.0,5.0,0.0,0.0,678.757,35.5,0.0523014863935104,624.62,200143.82
Ναυπακτίας,ΝΑΥΠΑΚΤΙΑΣ,9128,0.3587,25065.0,5544.0,2759.0,16762.0,876.0,673.0,138.0,65.0,28.613013698630137,,,0.0,8349.0,16.0,0.0,0.0,,0.0,,,0.0,0.0,0.0,0.0,0.0,
Ναυπλιέων,ΝΑΥΠΛΙΕΩΝ,9236,0.05,32625.0,539.0,1923.0,30163.0,391.0,108.0,82.0,201.0,83.43989769820972,0.0,,1.0,4100.0,0.0,0.0,0.0,5.0,5.0,28.0,0.0,0.0,0.0,0.0,,0.0,
Νεάπολης - Συκεών,ΝΕΑΠΟΛΗΣ - ΣΥΚΕΩΝ,9035,0.5889,80888.0,0.0,19521.0,61367.0,12.0,0.0,6.0,6.0,6740.666666666667,4.0,5.0,1.0,579.0,95.0,95.0,0.1640759930915371,14.0,14.0,13.0,7.0,7.0,388.307,289.547,0.745665156693029,35.0,7500.0
Νέας Ζίχνης,ΝΕΑΣ ΖΙΧΝΗΣ,9053,0.21,8267.0,535.0,319.0,7413.0,404.0,72.0,40.0,292.0,20.46287128712872,1.0,0.0,0.0,872.0,0.0,0.0,0.0,0.0,0.0,8.0,0.0,0.0,0.0,0.0,0.0,50.0,23000.0
Νέας Ιωνίας,ΝΕΑΣ ΙΩΝΙΑΣ,9174,0.6643,64611.0,0.0,0.0,64611.0,4.0,0.0,0.0,4.0,16152.75,2.0,0.0,1.0,185.0,20.0,20.0,0.1081081081081081,43.0,43.0,3.0,0.0,0.0,33.2,33.0,0.993975903614458,2000.0,26400.0
Νέας Προποντίδας,ΝΕΑΣ ΠΡΟΠΟΝΤΙΔΑΣ,9058,0.2,34829.0,0.0,710.0,34119.0,373.0,0.0,23.0,350.0,93.37533512064344,4.0,1.0,1.0,11802.0,0.0,0.0,0.0,68.0,,,,0.0,0.0,2.5,0.0,200000.0,1000.0
Νέας Σμύρνης,ΝΕΑΣ ΣΜΥΡΝΗΣ,9200,0.4432,72853.0,0.0,0.0,72853.0,4.0,0.0,0.0,4.0,18213.25,1.0,0.0,0.0,86.0,0.0,0.0,0.0,0.0,,2.0,0.0,0.0,72.544,22.544,0.3107631230701367,10.0,0.0
Νέας Φιλαδέλφειας - Νέας Χαλκηδόνας,ΝΕΑΣ ΦΙΛΑΔΕΛΦΕΙΑΣ - ΝΕΑΣ ΧΑΛΚΗΔΟΝΑΣ,9193,0.517,34958.0,0.0,0.0,34958.0,4.0,0.0,0.0,4.0,8739.5,2.0,1.0,1.0,167.0,19.0,19.0,0.1137724550898203,14.0,14.0,2.0,2.0,2.0,0.435,0.435,1.0,30243.89,0.0
Νεμέας,ΝΕΜΕΑΣ,9245,0.6499,5713.0,505.0,5208.0,0.0,205.0,41.0,164.0,0.0,27.86829268292683,0.0,1.0,1.0,671.0,0.0,0.0,0.0,0.0,0.0,0.0,0.0,0.0,20.0,20.0,1.0,0.0,25102.0
Νεστορίου,ΝΕΣΤΟΡΙΟΥ,9064,0.7499,2149.0,2149.0,0.0,0.0,619.0,619.0,0.0,0.0,3.47172859450727,0.0,0.0,1.0,220.0,0.0,0.0,0.0,0.0,0.0,0.0,0.0,0.0,50.0,50.0,1.0,0.0,20000.0
Νέστου,ΝΕΣΤΟΥ,9013,0.3004,20311.0,930.0,674.0,18707.0,682.0,304.0,62.0,316.0,29.781524926686217,2.0,0.0,1.0,2440.0,6.0,6.0,0.0024590163934426,1.0,1.0,18.0,8.0,8.0,0.0,0.0,0.0,125.0,150000.0
Νίκαιας - Αγίου Ιωάννη Ρέντη,ΝΙΚΑΙΑΣ - ΑΓΙΟΥ ΙΩΑΝΝΗ ΡΕΝΤΗ,9204,0.6023000000000001,103488.0,0.0,0.0,103488.0,11.0,0.0,0.0,11.0,9408.0,4.0,2.0,1.0,395.0,0.0,0.0,0.0,0.0,0.0,14.0,0.0,0.0,247.92,247.92,1.0,1439.86,77589.24
Νικολάου Σκουφά,ΝΙΚΟΛΑΟΥ ΣΚΟΥΦΑ,9076,0.0,11356.0,0.0,4519.0,6837.0,231.0,0.0,105.0,126.0,49.16017316017316,,,0.0,1452.0,29.0,0.0,0.0,,0.0,,,0.0,0.0,0.0,0.0,0.0,
Νισύρου,ΝΙΣΥΡΟΥ,9285,0.0,1048.0,0.0,1048.0,0.0,50.0,0.0,50.0,0.0,20.96,,,0.0,33.0,29.0,0.0,0.0,,0.0,0.0,,0.0,0.0,0.0,0.0,0.0,
Νότιας Κυνουρίας,ΝΟΤΙΑΣ ΚΥΝΟΥΡΙΑΣ,9240,0.2999,7245.0,7041.0,204.0,0.0,594.0,585.0,8.0,0.0,12.196969696969695,1.0,0.0,0.0,2914.0,0.0,0.0,0.0,0.0,0.0,3.0,1.0,1.0,165.0,165.0,1.0,500.0,53000.0
Νοτίου Πηλίου,ΝΟΤΙΟΥ ΠΗΛΙΟΥ,9107,0.0,8274.0,2298.0,5437.0,539.0,369.0,73.0,294.0,2.0,22.42276422764228,,,0.0,4548.0,24.0,0.0,0.0,0.0,0.0,,,,0.0,0.0,0.0,,
Ξάνθης,ΞΑΝΘΗΣ,9017,0.2,66875.0,5171.0,61469.0,235.0,502.0,415.0,72.0,15.0,133.21713147410358,3.0,0.0,1.0,1904.0,0.0,0.0,0.0,0.0,0.0,51.0,0.0,,3.0,0.0,0.0,40.0,37194.0
Ξηρομέρου,ΞΗΡΟΜΕΡΟΥ,9129,0.5,10206.0,1049.0,5401.0,3756.0,591.0,139.0,272.0,180.0,17.269035532994923,2.0,3.0,1.0,992.0,0.0,0.0,0.0,0.0,0.0,1.0,0.0,,0.0,0.0,58000.0,500.0,500.0
Ξυλοκάστρου - Ευρωστίνης,ΞΥΛΟΚΑΣΤΡΟΥ - ΕΥΡΩΣΤΙΝΗΣ,9246,0.1103,15570.0,4919.0,2645.0,8006.0,414.0,344.0,38.0,32.0,37.60869565217392,0.0,2.0,0.0,7711.0,0.0,0.0,0.0,0.0,0.0,69.0,1.0,1.0,275.0,185.0,0.6727272727272727,1400.0,53847.14
Οινουσσών,ΟΙΝΟΥΣΣΩΝ,9265,0.0,911.0,0.0,0.0,911.0,18.0,0.0,0.0,18.0,50.61111111111112,1.0,2.0,0.0,78.0,0.0,0.0,0.0,0.0,0.0,,,,0.0,0.0,0.0,11.0,0.0
Οιχαλίας,ΟΙΧΑΛΙΑΣ,9256,0.5,8504.0,788.0,1823.0,5893.0,417.0,170.0,83.0,163.0,20.39328537170264,8.0,,1.0,4349.0,0.0,0.0,0.0,0.0,0.0,6.0,0.0,,0.0,0.0,0.0,0.0,100000.0
Ορεστιάδας,ΟΡΕΣΤΙΑΔΑΣ,9008,0.2,31686.0,0.0,0.0,31686.0,955.0,0.0,0.0,955.0,33.179057591623035,0.0,0.0,1.0,1631.0,0.0,0.0,0.0,0.0,0.0,22.0,3.0,3.0,0.0,0.0,0.0,75000.0,0.0
Οροπεδίου Λασιθίου,ΟΡΟΠΕΔΙΟΥ ΛΑΣΙΘΙΟΥ,9312,0.0,2258.0,2258.0,0.0,0.0,130.0,130.0,0.0,0.0,17.369230769230768,,,0.0,213.0,0.0,0.0,0.0,0.0,0.0,,,,0.0,0.0,0.0,75000.0,
Ορχομενού,ΟΡΧΟΜΕΝΟΥ,9146,0.3049,9381.0,0.0,1097.0,8284.0,418.0,0.0,101.0,317.0,22.44258373205741,0.0,1.0,1.0,825.0,0.0,0.0,0.0,0.0,0.0,3.0,0.0,,200.0,100.0,0.5,150.0,55000.0
Παγγαίου,ΠΑΓΓΑΙΟΥ,9014,0.1764,29508.0,1205.0,12553.0,15750.0,699.0,52.0,443.0,204.0,42.21459227467811,3.0,2.0,1.0,3417.0,0.0,0.0,0.0,0.0,0.0,33.0,0.0,,1907.3,1907.3,1.0,479.0,70000.0
Παιανίας,ΠΑΙΑΝΙΑΣ,9222,0.7999,28036.0,0.0,11877.0,16159.0,51.0,0.0,8.0,43.0,549.7254901960785,2.0,5.0,1.0,4182.0,70.0,0.0,0.0,,0.0,,,,300.0,300.0,1.0,1500.0,97823.6
Παιονίας,ΠΑΙΟΝΙΑΣ,9041,0.3563,25169.0,1217.0,434.0,23518.0,923.0,238.0,102.0,583.0,27.26868905742145,0.0,0.0,1.0,3153.0,93.0,93.0,0.0294957183634633,5.0,5.0,41.0,22.0,22.0,442.5,68.0,0.1536723163841808,11.0,109410.15
Παλαιού Φαλήρου,ΠΑΛΑΙΟΥ ΦΑΛΗΡΟΥ,9201,0.3976,64863.0,0.0,0.0,64863.0,5.0,0.0,0.0,5.0,12972.6,2.0,0.0,0.0,143.0,2.0,2.0,0.0139860139860139,4.0,4.0,6.0,0.0,0.0,33.0,17.993,0.5452424242424242,728.0,19998.59
Παλαμά,ΠΑΛΑΜΑ,9095,0.0,13424.0,0.0,189.0,13235.0,382.0,0.0,26.0,356.0,35.1413612565445,,,0.0,1583.0,0.0,0.0,0.0,4.0,,,,0.0,0.0,0.0,0.0,0.0,
Παλλήνης,ΠΑΛΛΗΝΗΣ,9223,0.5921000000000001,59459.0,0.0,2158.0,57301.0,31.0,0.0,3.0,28.0,1918.032258064516,1.0,2.0,0.0,7010.0,9.0,9.0,0.001283880171184,5.0,5.0,159.0,109.0,109.0,1106.61,1015.61,0.9177668736049738,3881.0,240490.0
Παξών,ΠΑΞΩΝ,9119,0.25,2466.0,0.0,2466.0,0.0,25.0,0.0,25.0,0.0,98.64,1.0,2.0,0.0,165.0,0.0,0.0,0.0,0.0,0.0,0.0,0.0,0.0,0.0,0.0,0.0,52000.0,12.0
Παπάγου - Χολαργού,ΠΑΠΑΓΟΥ - ΧΟΛΑΡΓΟΥ,9175,0.5569000000000001,45266.0,0.0,13962.0,31304.0,11.0,0.0,7.0,4.0,4115.090909090909,3.0,6.0,1.0,256.0,0.0,0.0,0.0,0.0,0.0,4.0,0.0,0.0,501.117,455.217,0.908404624069828,1116.65,178427.36000000002
Παρανεστίου,ΠΑΡΑΝΕΣΤΙΟΥ,9004,0.3529,2843.0,1750.0,240.0,853.0,1028.0,972.0,33.0,23.0,2.7655642023346303,0.0,2.0,1.0,524.0,0.0,0.0,0.0,0.0,0.0,10.0,0.0,0.0,0.0,0.0,0.0,20.0,50000.0
Πάργας,ΠΑΡΓΑΣ,9089,0.4487,10762.0,1008.0,4708.0,5046.0,275.0,86.0,92.0,97.0,39.13454545454545,0.0,0.0,0.0,1448.0,0.0,0.0,0.0,0.0,0.0,0.0,0.0,0.0,252.0,251.0,0.996031746031746,2.0,28000.0
Πάρου,ΠΑΡΟΥ,9294,0.5361,14520.0,0.0,877.0,13643.0,198.0,0.0,30.0,168.0,73.33333333333333,2.0,0.0,1.0,1776.0,0.0,0.0,0.0,0.0,0.0,7.0,7.0,7.0,473.0,460.0,0.9725158562367864,0.0,41974.0
Πάτμου,ΠΑΤΜΟΥ,9279,0.42,3283.0,0.0,3283.0,0.0,45.0,0.0,45.0,0.0,72.95555555555555,1.0,1.0,0.0,315.0,0.0,0.0,0.0,0.0,0.0,1.0,0.0,0.0,50.0,20.0,0.4,300.0,38000.0
Πατρέων,ΠΑΤΡΕΩΝ,9134,0.0,215922.0,6874.0,2547.0,206501.0,345.0,185.0,33.0,128.0,625.8608695652174,,,0.0,17087.0,3.0,0.0,0.0,178.0,5.0,,,,0.0,0.0,0.0,0.0,
Παύλου Μελά,ΠΑΥΛΟΥ ΜΕΛΑ,9036,0.226,100194.0,0.0,0.0,100194.0,25.0,0.0,0.0,25.0,4007.76,0.0,0.0,1.0,1326.0,0.0,0.0,0.0,0.0,0.0,25.0,11.0,11.0,117.25,0.25,0.0021321961620469,100.0,38905.72
Πειραιώς,ΠΕΙΡΑΙΩΣ,9205,0.3711,168151.0,0.0,0.0,168151.0,12.0,0.0,0.0,12.0,14012.583333333334,5.0,0.0,0.0,451.0,0.0,0.0,0.0,0.0,0.0,22.0,0.0,0.0,121.553,117.553,0.9670925439931553,192.0,20846.0
Πέλλας,ΠΕΛΛΑΣ,9044,0.0919,57039.0,1831.0,327.0,54881.0,667.0,69.0,24.0,575.0,85.51574212893553,1.0,4.0,1.0,3025.0,0.0,0.0,0.0,22.0,22.0,62.0,41.0,41.0,1080.2,151.0,0.1397889279763007,135732.78,0.0
Πεντέλης,ΠΕΝΤΕΛΗΣ,9176,0.3897,35610.0,5076.0,30534.0,0.0,32.0,24.0,8.0,0.0,1112.8125,4.0,6.0,1.0,1849.0,0.0,0.0,0.0,0.0,0.0,27.0,0.0,0.0,572.8,14.0,0.0244413407821229,4000.0,200740.67
Περάματος,ΠΕΡΑΜΑΤΟΣ,9206,0.5356000000000001,25628.0,0.0,0.0,25628.0,13.0,0.0,0.0,13.0,1971.384615384616,1.0,1.0,1.0,192.0,4.0,4.0,0.0208333333333333,0.0,0.0,9.0,6.0,6.0,36.11,24.11,0.6676820825256162,83.0,55000.0
Περιστερίου,ΠΕΡΙΣΤΕΡΙΟΥ,9183,0.6499,133630.0,0.0,0.0,133630.0,11.0,0.0,0.0,11.0,12148.181818181818,5.0,0.0,0.0,474.0,0.0,0.0,0.0,0.0,0.0,16.0,0.0,0.0,125.55,125.55,1.0,30.0,0.0
Πετρουπόλεως,ΠΕΤΡΟΥΠΟΛΕΩΣ,9184,0.5047,60146.0,0.0,60146.0,0.0,7.0,0.0,7.0,0.0,8592.285714285714,2.0,3.0,1.0,280.0,0.0,0.0,0.0,0.0,0.0,9.0,0.0,0.0,229.0,76.0,0.3318777292576419,468250.0,9439.6
Πηνειού,ΠΗΝΕΙΟΥ,9140,0.3361,21625.0,0.0,0.0,21625.0,163.0,0.0,0.0,163.0,132.66871165644173,0.0,4.0,0.0,1405.0,43.0,43.0,0.0306049822064056,0.0,0.0,3.0,0.0,0.0,168.0,168.0,1.0,1000.0,99500.0
Πλατανιά,ΠΛΑΤΑΝΙΑ,9323,0.28,15299.0,1237.0,3171.0,10891.0,492.0,199.0,166.0,127.0,31.09552845528455,0.0,3.0,1.0,1914.0,0.0,0.0,0.0,0.0,0.0,13.0,2.0,2.0,110.7,110.7,1.0,86.0,73798.6
Πολυγύρου,ΠΟΛΥΓΥΡΟΥ,9059,0.4994,21351.0,2689.0,12497.0,6165.0,947.0,288.0,471.0,187.0,22.545934530095035,0.0,0.0,1.0,4294.0,0.0,0.0,0.0,11.0,11.0,42.0,13.0,13.0,250.296,249.858,0.9982500719148528,65304.6,0.0
Πόρου,ΠΟΡΟΥ,9210,0.0,3261.0,0.0,3261.0,0.0,49.0,0.0,49.0,0.0,66.55102040816327,2.0,2.0,0.0,473.0,0.0,0.0,0.0,0.0,12.0,0.0,,,0.0,0.0,0.0,65304.6,155000.0
Πρέβεζας,ΠΡΕΒΕΖΑΣ,9090,0.15,30841.0,611.0,1436.0,28794.0,379.0,69.0,120.0,191.0,81.37467018469657,2.0,,1.0,4912.0,0.0,0.0,0.0,0.0,12.0,24.0,8.0,8.0,0.0,0.0,0.0,65304.6,82854.68000000001
Πρεσπών,ΠΡΕΣΠΩΝ,9071,0.0,1211.0,1211.0,0.0,0.0,516.0,516.0,0.0,0.0,2.3468992248062017,,,0.0,177.0,9.0,0.0,0.0,0.0,12.0,,,,0.0,0.0,0.0,65304.6,
Προσοτσάνης,ΠΡΟΣΟΤΣΑΝΗΣ,9005,0.15,10739.0,1312.0,2739.0,6688.0,481.0,217.0,143.0,121.0,22.326403326403327,2.0,0.0,1.0,1364.0,9.0,0.0,0.0,0.0,12.0,6.0,,,0.0,0.0,0.0,65304.6,
Πύδνας - Κολινδρού,ΠΥΔΝΑΣ - ΚΟΛΙΝΔΡΟΥ,9048,0.7180000000000001,12537.0,0.0,780.0,11757.0,346.0,0.0,96.0,250.0,36.23410404624278,2.0,0.0,1.0,1670.0,0.0,0.0,0.0,0.0,12.0,19.0,0.0,,1869.0,1789.0,0.9571963616907436,80.0,192689.0
Πυλαίας - Χορτιάτη,ΠΥΛΑΙΑΣ - ΧΟΡΤΙΑΤΗ,9037,0.2996,72384.0,5780.0,29761.0,36843.0,156.0,59.0,72.0,25.0,464.0,0.0,0.0,1.0,3841.0,0.0,0.0,0.0,24.0,24.0,187.0,93.0,93.0,0.0,0.0,0.0,12000.0,29992.5
Πύλης,ΠΥΛΗΣ,9113,0.0,12852.0,5961.0,325.0,6566.0,751.0,646.0,10.0,95.0,17.11318242343542,,,0.0,2747.0,1.0,0.0,0.0,9.0,5.0,,,,0.0,0.0,0.0,0.0,
Πύλου - Νέστορος,ΠΥΛΟΥ - ΝΕΣΤΟΡΟΣ,9257,0.4376,17194.0,191.0,6915.0,10088.0,555.0,42.0,235.0,279.0,30.98018018018018,0.0,7.0,1.0,4625.0,0.0,0.0,0.0,0.0,0.0,12.0,0.0,0.0,1251.0,1200.0,0.9592326139088728,0.0,80000.0
Πύργου,ΠΥΡΓΟΥ,9141,0.4499,45365.0,231.0,1751.0,43383.0,459.0,16.0,92.0,350.0,98.83442265795208,0.0,6.0,1.0,8215.0,0.0,0.0,0.0,0.0,0.0,47.0,0.0,0.0,771.0,771.0,1.0,3731.64,143495.5
Πωγωνίου,ΠΩΓΩΝΙΟΥ,9087,0.1387,6848.0,3860.0,2988.0,0.0,701.0,568.0,133.0,0.0,9.768901569186877,2.0,0.0,1.0,1189.0,0.0,0.0,0.0,0.0,0.0,8.0,3.0,3.0,2680.0,2520.0,0.9402985074626866,174412.14,2000.0
Ραφήνας - Πικερμίου,ΡΑΦΗΝΑΣ - ΠΙΚΕΡΜΙΟΥ,9224,0.6594,22327.0,0.0,0.0,22327.0,41.0,0.0,0.0,41.0,544.560975609756,2.0,2.0,1.0,6748.0,0.0,0.0,0.0,0.0,0.0,199.0,0.0,0.0,1892.47,1892.47,1.0,5574.0,210000.0
Ρεθύμνου,ΡΕΘΥΜΝΟΥ,9318,0.7282000000000001,57216.0,1155.0,5259.0,50802.0,394.0,51.0,213.0,130.0,145.21827411167513,1.0,1.0,1.0,3105.0,2.0,2.0,0.0006441223832528,0.0,0.0,12.0,11.0,11.0,514.0,391.0,0.7607003891050583,8000.0,330000.0
Ρήγα Φεραίου,ΡΗΓΑ ΦΕΡΑΙΟΥ,9108,0.0,8870.0,548.0,3873.0,4449.0,550.0,161.0,143.0,247.0,16.12727272727273,,,0.0,914.0,0.0,0.0,29.0,0.0,0.0,,,,0.0,0.0,0.0,0.0,
Ρόδου,ΡΟΔΟΥ,9296,0.5007,125113.0,277.0,7172.0,117664.0,1409.0,48.0,655.0,705.0,88.79559971611071,4.0,15.0,1.0,2404.0,0.0,0.0,29.0,0.0,0.0,37.0,0.0,,75.96,25.5,0.3357030015797788,1300.0,575000.0
Σαλαμίνας,ΣΑΛΑΜΙΝΑΣ,9211,0.5621,37220.0,0.0,5238.0,31982.0,96.0,0.0,43.0,53.0,387.7083333333333,1.0,2.0,1.0,12084.0,0.0,0.0,29.0,0.0,0.0,336.0,0.0,,33.3,33.3,1.0,2500.0,825558.84
Σαμοθράκης,ΣΑΜΟΘΡΑΚΗΣ,9009,0.0,2596.0,0.0,2596.0,0.0,181.0,0.0,181.0,0.0,14.342541436464089,,,0.0,386.0,1.0,0.0,29.0,,0.0,,,,0.0,0.0,0.0,0.0,
Σαρωνικού,ΣΑΡΩΝΙΚΟΥ,9225,0.18,30047.0,0.0,5356.0,24691.0,138.0,0.0,32.0,106.0,217.731884057971,1.0,4.0,0.0,10700.0,1.0,0.0,29.0,,0.0,387.0,150.0,,0.0,0.0,0.0,0.0,
Σερίφου,ΣΕΡΙΦΟΥ,9288,0.3,1241.0,0.0,1241.0,0.0,76.0,0.0,76.0,0.0,16.32894736842105,0.0,1.0,0.0,343.0,0.0,0.0,29.0,0.0,0.0,4.0,0.0,,0.0,0.0,0.0,50.0,15000.0
Σερρών,ΣΕΡΡΩΝ,9054,0.2,74004.0,1714.0,61481.0,10809.0,600.0,252.0,133.0,215.0,123.34,4.0,4.0,1.0,3090.0,0.0,0.0,29.0,0.0,0.0,34.0,0.0,,0.0,817.0,0.0,2350.0,144505.93
Σητείας,ΣΗΤΕΙΑΣ,9313,0.0,20438.0,2271.0,4267.0,13900.0,715.0,232.0,309.0,175.0,28.584615384615383,,,0.0,1461.0,3.0,0.0,29.0,,0.0,,,,0.0,0.0,0.0,,
Σιθωνίας,ΣΙΘΩΝΙΑΣ,9060,0.1303,12080.0,0.0,8333.0,3747.0,519.0,0.0,406.0,113.0,23.27552986512524,0.0,0.0,1.0,3914.0,0.0,0.0,29.0,0.0,0.0,41.0,0.0,,679.5,679.5,1.0,3000.0,122000.0
Σικίνου,ΣΙΚΙΝΟΥ,9272,0.0,253.0,0.0,253.0,0.0,43.0,0.0,43.0,0.0,5.883720930232558,,,0.0,17.0,0.0,0.0,29.0,,0.0,,,,0.0,0.0,0.0,0.0,
Σικυωνίων,ΣΙΚΥΩΝΙΩΝ,9247,0.0743,21187.0,5359.0,764.0,15064.0,602.0,546.0,22.0,34.0,35.19435215946844,1.0,3.0,1.0,4332.0,0.0,0.0,29.0,0.0,0.0,14.0,0.0,,48.5,30.0,0.6185567010309279,0.0,0.0
Σιντικής,ΣΙΝΤΙΚΗΣ,9055,0.15,18544.0,3519.0,10826.0,4199.0,1103.0,415.0,582.0,106.0,16.812330009066184,0.0,1.0,1.0,2257.0,1.0,0.0,29.0,1.0,47.0,4.0,4.0,,0.0,317.0,0.0,41.85,218915.8
Σίφνου,ΣΙΦΝΟΥ,9289,0.05,2777.0,0.0,2777.0,0.0,78.0,0.0,78.0,0.0,35.6025641025641,4.0,1.0,1.0,385.0,0.0,0.0,29.0,0.0,0.0,1.0,0.0,0.0,0.0,0.0,0.0,220.0,
Σκιάθου,ΣΚΙΑΘΟΥ,9110,0.0,5802.0,0.0,5802.0,0.0,49.0,0.0,49.0,0.0,118.40816326530611,,,0.0,575.0,3.0,0.0,29.0,,0.0,,,0.0,0.0,0.0,0.0,0.0,
Σκοπέλου,ΣΚΟΠΕΛΟΥ,9111,0.0,4518.0,0.0,4518.0,0.0,96.0,0.0,96.0,0.0,47.0625,1.0,,0.0,727.0,0.0,0.0,29.0,0.0,0.0,2.0,0.0,0.0,0.0,0.0,0.0,0.0,
Σκύδρας,ΣΚΥΔΡΑΣ,9045,0.0,18325.0,0.0,64.0,18261.0,240.0,0.0,36.0,204.0,76.35416666666667,,,0.0,776.0,12.0,0.0,29.0,,0.0,,,0.0,0.0,0.0,0.0,0.0,
Σκύρου,ΣΚΥΡΟΥ,9154,0.2709,3052.0,0.0,3052.0,0.0,220.0,0.0,220.0,0.0,13.872727272727271,1.0,,0.0,496.0,3.0,0.0,0.0060483870967741,,0.0,0.0,,0.0,0.0,0.0,0.0,0.0,45000.0
Σουλίου,ΣΟΥΛΙΟΥ,9078,0.5042,8759.0,3979.0,4128.0,652.0,502.0,287.0,194.0,21.0,17.448207171314742,1.0,0.0,1.0,851.0,0.0,0.0,9.0,,0.0,,,0.0,1.0,0.0,0.0,0.0,53893.16
Σουφλίου,ΣΟΥΦΛΙΟΥ,9010,0.7314,11709.0,0.0,2245.0,9464.0,1328.0,0.0,644.0,684.0,8.817018072289157,0.0,0.0,1.0,884.0,0.0,0.0,9.0,0.0,0.0,7.0,0.0,0.0,4.96,4.96,1.0,0.0,72186.56
Σοφάδων,ΣΟΦΑΔΩΝ,9096,0.2029,16927.0,1245.0,0.0,15682.0,721.0,229.0,0.0,492.0,23.477115117891817,1.0,0.0,1.0,1891.0,0.0,0.0,9.0,0.0,0.0,4.0,0.0,0.0,0.0,0.0,0.0,45000.0,0.0
Σπάρτης,ΣΠΑΡΤΗΣ,9252,0.6499,32786.0,5829.0,4937.0,22020.0,1181.0,838.0,254.0,89.0,27.76121930567316,1.0,4.0,1.0,9834.0,2.0,2.0,0.0002033760423022,0.0,0.0,17.0,12.0,12.0,0.531,0.531,1.0,80.0,187994.04
Σπάτων - Αρτέμιδος,ΣΠΑΤΩΝ - ΑΡΤΕΜΙΔΟΣ,9226,0.35,34915.0,0.0,0.0,34915.0,74.0,0.0,0.0,74.0,471.8243243243243,1.0,0.0,0.0,8441.0,0.0,0.0,0.0,0.0,0.0,156.0,0.0,0.0,0.0,0.0,0.0,13550.0,394624.0
Σπετσών,ΣΠΕΤΣΩΝ,9212,0.0,3748.0,0.0,3748.0,0.0,25.0,0.0,25.0,0.0,149.92,1.0,2.0,0.0,187.0,2.0,0.0,0.0,,0.0,,,0.0,0.0,0.0,0.0,0.0,0.0
Στυλίδας,ΣΤΥΛΙΔΑΣ,9164,0.3987,11389.0,1072.0,1984.0,8333.0,462.0,250.0,80.0,131.0,24.651515151515152,1.0,1.0,1.0,2783.0,0.0,0.0,0.0,0.0,0.0,5.0,0.0,0.0,60.0,0.0,0.0,850.0,56000.0
Σύμης,ΣΥΜΗΣ,9297,0.45,2603.0,0.0,2603.0,0.0,65.0,0.0,65.0,0.0,40.04615384615385,2.0,,1.0,148.0,0.0,0.0,0.0,,0.0,,,0.0,1.3,0.0,0.0,30.0,42000.0
Σύρου - Ερμούπολης,ΣΥΡΟΥ - ΕΡΜΟΥΠΟΛΗΣ,9300,0.0018,21124.0,0.0,1856.0,19268.0,102.0,0.0,51.0,51.0,207.09803921568627,,,0.0,3041.0,37.0,37.0,0.0121670503123972,6.0,6.0,9.0,9.0,9.0,0.0,0.0,0.0,0.0,
Σφακίων,ΣΦΑΚΙΩΝ,9324,0.0,2002.0,1818.0,184.0,0.0,467.0,437.0,30.0,0.0,4.28693790149893,0.0,0.0,0.0,71.0,0.0,0.0,0.0,0.0,0.0,0.0,0.0,,0.0,0.0,0.0,0.0,36912.32
Τανάγρας,ΤΑΝΑΓΡΑΣ,9147,0.4942,18500.0,1125.0,1162.0,16213.0,463.0,94.0,156.0,213.0,39.956803455723545,1.0,3.0,1.0,4900.0,143.0,143.0,0.0291836734693877,1.0,1.0,29.0,2.0,2.0,100.0,50.0,0.5,1000.0,200000.0
Τεμπών,ΤΕΜΠΩΝ,9101,0.3492,12007.0,1620.0,5382.0,5005.0,576.0,227.0,189.0,161.0,20.84548611111111,3.0,,0.0,2583.0,0.0,0.0,0.0,0.0,27.0,0.0,0.0,,0.0,0.0,0.0,65524.0,105.0
Τήλου,ΤΗΛΟΥ,9298,0.5,746.0,0.0,746.0,0.0,63.0,0.0,63.0,0.0,11.841269841269842,1.0,1.0,1.0,199.0,0.0,0.0,0.0,0.0,27.0,0.0,0.0,,0.0,0.0,0.0,65524.0,10.0
Τήνου,ΤΗΝΟΥ,9301,0.3423,8934.0,0.0,2716.0,6218.0,197.0,0.0,171.0,26.0,45.3502538071066,2.0,1.0,1.0,991.0,0.0,0.0,0.0,0.0,27.0,0.0,0.0,,0.0,0.0,0.0,0.0,0.0
Τοπείρου,ΤΟΠΕΙΡΟΥ,9018,0.2,9473.0,98.0,0.0,9375.0,310.0,52.0,0.0,258.0,30.55806451612904,1.0,1.0,1.0,371.0,9.0,0.0,0.0,,27.0,,,,0.0,0.0,25000.0,0.0,
Τρικκαίων,ΤΡΙΚΚΑΙΩΝ,9114,0.6016,78605.0,896.0,3711.0,73998.0,609.0,173.0,151.0,286.0,129.07224958949098,1.0,0.0,0.0,5619.0,62.0,62.0,0.0110339918134899,0.0,27.0,74.0,19.0,19.0,396.712,396.712,1.0,1500.0,59000.0
Τρίπολης,ΤΡΙΠΟΛΗΣ,9241,0.3171,44165.0,10440.0,33725.0,0.0,1474.0,1379.0,95.0,0.0,29.96268656716418,2.0,8.0,0.0,8148.0,20.0,20.0,0.002454590083456,0.0,27.0,18.0,7.0,7.0,152.38,0.0,0.0,50.0,139490.0
Τριφυλίας,ΤΡΙΦΥΛΙΑΣ,9258,0.2214,22431.0,904.0,3039.0,18488.0,618.0,203.0,158.0,256.0,36.29611650485437,4.0,0.0,0.0,4377.0,0.0,0.0,0.0,0.0,27.0,11.0,0.0,0.0,0.0,0.0,0.0,0.0,81849.92
Τροιζηνίας - Μεθάνων,ΤΡΟΙΖΗΝΙΑΣ - ΜΕΘΑΝΩΝ,9213,0.3,6020.0,1001.0,4581.0,438.0,241.0,76.0,144.0,21.0,24.979253112033195,1.0,0.0,0.0,1316.0,0.0,0.0,0.0,0.0,27.0,6.0,0.0,0.0,0.0,0.0,0.0,300.0,610.0
Τυρνάβου,ΤΥΡΝΑΒΟΥ,9102,0.0715,22280.0,1311.0,1843.0,19126.0,525.0,103.0,211.0,211.0,42.43809523809524,1.0,0.0,0.0,1342.0,0.0,0.0,0.0,0.0,27.0,14.0,0.0,0.0,0.0,0.0,0.0,150.0,50000.0
Ύδρας,ΥΔΡΑΣ,9214,0.0,2070.0,0.0,2070.0,0.0,70.0,0.0,70.0,0.0,29.571428571428573,,,0.0,159.0,1.0,0.0,0.0,,27.0,,,0.0,0.0,0.0,0.0,0.0,
Φαιστού,ΦΑΙΣΤΟΥ,9308,0.25,23921.0,2682.0,2099.0,19140.0,410.0,89.0,133.0,188.0,58.34390243902439,0.0,3.0,1.0,1056.0,0.0,0.0,0.0,0.0,27.0,10.0,0.0,0.0,39.0,0.0,0.0,0.0,53000.0
Φαρκαδόνας,ΦΑΡΚΑΔΟΝΑΣ,9115,0.0,11350.0,0.0,2372.0,8978.0,369.0,0.0,137.0,232.0,30.75880758807588,1.0,0.0,0.0,1069.0,6.0,0.0,0.0,,27.0,,,0.0,0.0,0.0,0.0,0.0,0.0
Φαρσάλων,ΦΑΡΣΑΛΩΝ,9103,0.6142000000000001,16341.0,0.0,989.0,15352.0,740.0,0.0,189.0,552.0,22.08243243243244,0.0,0.0,0.0,1549.0,0.0,0.0,0.0,0.0,27.0,9.0,0.0,0.0,70.0,50.0,0.7142857142857143,500.0,130000.0
Φιλιατών,ΦΙΛΙΑΤΩΝ,9079,0.1,6347.0,999.0,3914.0,1434.0,585.0,318.0,186.0,81.0,10.84957264957265,1.0,2.0,1.0,877.0,0.0,0.0,0.0,0.0,27.0,7.0,0.0,0.0,1035.338,0.0,0.0,43014.34,0.0
Φιλοθέης - Ψυχικού,ΦΙΛΟΘΕΗΣ - ΨΥΧΙΚΟΥ,9177,0.4491,27636.0,0.0,0.0,27636.0,6.0,0.0,0.0,6.0,4606.0,2.0,0.0,0.0,258.0,0.0,0.0,0.0,0.0,27.0,5.0,0.0,0.0,311.97,311.97,1.0,2012.6,99995.68
Φλώρινας,ΦΛΩΡΙΝΑΣ,9072,0.5128,29500.0,22906.0,6594.0,0.0,820.0,615.0,205.0,0.0,35.97560975609756,1.0,1.0,1.0,1313.0,0.0,0.0,0.0,0.0,27.0,35.0,0.0,0.0,234.087,214.076,0.9145146889831558,143.13,98293.0
Φολεγάνδρου,ΦΟΛΕΓΑΝΔΡΟΥ,9273,0.0,719.0,0.0,719.0,0.0,32.0,0.0,32.0,0.0,22.46875,1.0,0.0,0.0,91.0,0.0,0.0,0.0,0.0,27.0,,0.0,0.0,0.0,0.0,0.0,9660.0,0.0
Φούρνων Κορσεών,ΦΟΥΡΝΩΝ ΚΟΡΣΕΩΝ,9260,0.0,1343.0,0.0,1343.0,0.0,46.0,0.0,46.0,0.0,29.195652173913043,1.0,3.0,0.0,84.0,0.0,0.0,0.0,0.0,27.0,1.0,0.0,0.0,0.7,0.0,0.0,7.0,25389.19
Φυλής,ΦΥΛΗΣ,9232,0.7999,48157.0,3209.0,35047.0,9901.0,100.0,64.0,34.0,1.0,481.57,3.0,6.0,1.0,4291.0,0.0,0.0,0.0,0.0,27.0,16.0,0.0,0.0,367.0,367.0,1.0,1550.0,4500.0
Χαϊδαρίου,ΧΑΙΔΑΡΙΟΥ,9185,0.0,47051.0,0.0,0.0,47051.0,23.0,0.0,0.0,23.0,2045.695652173913,,,0.0,395.0,12.0,0.0,0.0,,27.0,,,0.0,0.0,0.0,0.0,0.0,4500.0
Χαλανδρίου,ΧΑΛΑΝΔΡΙΟΥ,9178,0.4022,77102.0,0.0,0.0,77102.0,10.0,0.0,0.0,10.0,7710.2,3.0,0.0,1.0,1595.0,1.0,1.0,0.0006269592476489,0.0,27.0,38.0,2.0,2.0,220.895,55.686,0.2520926231920143,678.5500000000001,59867.6
Χαλκηδόνος,ΧΑΛΚΗΔΟΝΟΣ,9038,0.2109,30030.0,0.0,0.0,30030.0,390.0,0.0,0.0,390.0,77.0,1.0,1.0,0.0,2418.0,7.0,7.0,0.0028949545078577,0.0,27.0,12.0,2.0,2.0,57.0,40.0,0.7017543859649122,100.0,0.0
Χάλκης,ΧΑΛΚΗΣ,9299,0.3,475.0,0.0,475.0,0.0,37.0,0.0,37.0,0.0,12.83783783783784,0.0,2.0,0.0,17.0,0.0,0.0,0.0,0.0,27.0,1.0,0.0,0.0,0.0,0.0,0.0,0.0,0.0
Χαλκιδέων,ΧΑΛΚΙΔΕΩΝ,9155,0.7499,109256.0,0.0,8733.0,100523.0,425.0,0.0,257.0,168.0,257.0729411764706,2.0,2.0,1.0,11387.0,0.0,0.0,0.0,155.0,27.0,6.0,6.0,,387.0,387.0,1.0,80000.0,3000.0
Χανίων,ΧΑΝΙΩΝ,9325,0.3901,111375.0,374.0,2386.0,108615.0,351.0,88.0,81.0,182.0,317.3076923076923,1.0,3.0,1.0,4268.0,0.0,0.0,0.0,1.0,1.0,37.0,14.0,14.0,193.526,154.946,0.800646941496233,3830.0,72294.62
Χερσονήσου,ΧΕΡΣΟΝΗΣΟΥ,9309,0.2248,27220.0,628.0,8588.0,18004.0,273.0,25.0,143.0,104.0,99.70695970695972,1.0,1.0,1.0,1813.0,0.0,0.0,0.0,0.0,0.0,6.0,0.0,0.0,364.845,353.845,0.969850210363305,1500.0,12000.0
Χίου,ΧΙΟΥ,9266,0.7499,50361.0,1177.0,11774.0,37410.0,845.0,229.0,416.0,200.0,59.59881656804734,5.0,14.0,1.0,6768.0,0.0,0.0,0.0,0.0,0.0,29.0,0.0,0.0,31.76,31.76,1.0,295022.09,2292.0
Ωραιοκάστρου,ΩΡΑΙΟΚΑΣΤΡΟΥ,9039,0.6499,40004.0,0.0,0.0,40004.0,218.0,0.0,0.0,218.0,183.5045871559633,1.0,0.0,0.0,2949.0,0.0,0.0,0.0,0.0,0.0,54.0,0.0,0.0,22.551,22.551,1.0,4.46,34794.090000000004
Ωρωπού,ΩΡΩΠΟΥ,9227,0.65,31811.0,0.0,18530.0,13281.0,340.0,0.0,269.0,71.0,93.56176470588235,6.0,7.0,1.0,14419.0,6.0,6.0,0.0004161176225813,2.0,27.0,287.0,27.0,2.0,2300.0,2300.0,1.0,6500.0,1023701.0
