reference_number,parent_reference_number,record_kind,completion_scope,initial_completion_date,initial_date_basis,final_completion_date,final_date_basis,date_notes,source_document_ids,source_urls,research_cutoff
22SYMV011593395,,original,Δασαρχείο Αιγάλεω,2023-02-11,derived_from_signature_and_duration,2023-05-25,approved_extension,"Η αρχική τρίμηνη προθεσμία υπολογίζεται από την υπογραφή της 11.11.2022. Η παράταση έως 25.05.2023 αφορά το τμήμα Αιγάλεω.","22SYMV011593395 | Ρ1ΤΞ4653Π8-ΤΕΛ","https://cerpp.eprocurement.gov.gr/khmdhs-opendata/contract/attachment/22SYMV011593395 | https://diavgeia.gov.gr/doc/Ρ1ΤΞ4653Π8-ΤΕΛ",2026-08-12
23SYMV012820428,,original,Δασαρχείο Μεγάρων,2023-09-27,explicit_in_extension_decision,2023-10-31,approved_extension,"Η απόφαση καταγράφει ρητά την αρχική λήξη 27.09.2023 και εγκρίνει παράταση 34 ημερών έως 31.10.2023.","23SYMV012820428 | 6Μ6Φ4653Π8-86Β","https://cerpp.eprocurement.gov.gr/khmdhs-opendata/contract/attachment/23SYMV012820428 | https://diavgeia.gov.gr/doc/6Μ6Φ4653Π8-86Β",2026-08-12
23SYMV013154974,23SYMV012820428,correction_no_price_change,Δασαρχείο Μεγάρων,2023-09-27,inherited_from_parent,2023-10-31,inherited_from_parent,"Η διορθωτική πράξη αλλάζει μόνο την εγγύηση καλής εκτέλεσης και δεν αλλάζει το χρονοδιάγραμμα της 23SYMV012820428.","23SYMV013154974 | 23SYMV012820428 | 6Μ6Φ4653Π8-86Β","https://cerpp.eprocurement.gov.gr/khmdhs-opendata/contract/attachment/23SYMV013154974 | https://cerpp.eprocurement.gov.gr/khmdhs-opendata/contract/attachment/23SYMV012820428 | https://diavgeia.gov.gr/doc/6Μ6Φ4653Π8-86Β",2026-08-12
23SYMV012963827,,original,Δασαρχείο Αιγάλεω,2023-12-02,explicit_in_extension_decision,2023-12-22,approved_extension,"Η εγκατάσταση έγινε 04.09.2023. Η πράξη παράτασης αναφέρει αρχική λήξη 02.12.2023 και νέα λήξη 22.12.2023.","23SYMV012963827 | ΨΖΟ94653Π8-ΗΕ3","https://cerpp.eprocurement.gov.gr/khmdhs-opendata/contract/attachment/23SYMV012963827 | https://diavgeia.gov.gr/doc/ΨΖΟ94653Π8-ΗΕ3",2026-08-12
23SYMV012964096,,original,Δασαρχείο Αιγάλεω — πρωτόκολλο εγκατάστασης 04.09.2023,2023-12-04,derived_from_installation_and_duration,2023-12-22,actual_completion_no_extension_found,"Η τρίμηνη αρχική λήξη υπολογίζεται από το πρώτο πρωτόκολλο εγκατάστασης. Η 22.12.2023 είναι ημερομηνία βεβαίωσης περαίωσης· δεν εντοπίστηκε πράξη παράτασης στα οκτώ αρχειοθετημένα αποτελέσματα.","23SYMV012964096 | 6ΛΑΚ4653Π8-ΜΞ6","https://cerpp.eprocurement.gov.gr/khmdhs-opendata/contract/attachment/23SYMV012964096 | https://diavgeia.gov.gr/doc/6ΛΑΚ4653Π8-ΜΞ6",2026-08-12
23SYMV012964096,,original,Δασαρχείο Αιγάλεω — πρωτόκολλο εγκατάστασης 11.09.2023,2023-12-11,derived_from_installation_and_duration,2023-12-22,actual_completion_no_extension_found,"Η τρίμηνη αρχική λήξη υπολογίζεται από το δεύτερο πρωτόκολλο εγκατάστασης. Η 22.12.2023 είναι ημερομηνία βεβαίωσης περαίωσης· δεν εντοπίστηκε πράξη παράτασης στα οκτώ αρχειοθετημένα αποτελέσματα.","23SYMV012964096 | 6ΛΑΚ4653Π8-ΜΞ6","https://cerpp.eprocurement.gov.gr/khmdhs-opendata/contract/attachment/23SYMV012964096 | https://diavgeia.gov.gr/doc/6ΛΑΚ4653Π8-ΜΞ6",2026-08-12
23SYMV013156865,23SYMV012964096,correction_no_price_change,Δασαρχείο Αιγάλεω — πρωτόκολλο εγκατάστασης 04.09.2023,2023-12-04,inherited_from_parent,2023-12-22,inherited_from_parent,"Η διορθωτική πράξη προσθέτει ανάλυση κονδυλίου αναθεώρησης χωρίς αλλαγή χρονοδιαγράμματος. Οι ημερομηνίες κληρονομούνται από την 23SYMV012964096.","23SYMV013156865 | 23SYMV012964096 | 6ΛΑΚ4653Π8-ΜΞ6","https://cerpp.eprocurement.gov.gr/khmdhs-opendata/contract/attachment/23SYMV013156865 | https://cerpp.eprocurement.gov.gr/khmdhs-opendata/contract/attachment/23SYMV012964096 | https://diavgeia.gov.gr/doc/6ΛΑΚ4653Π8-ΜΞ6",2026-08-12
23SYMV013156865,23SYMV012964096,correction_no_price_change,Δασαρχείο Αιγάλεω — πρωτόκολλο εγκατάστασης 11.09.2023,2023-12-11,inherited_from_parent,2023-12-22,inherited_from_parent,"Η διορθωτική πράξη προσθέτει ανάλυση κονδυλίου αναθεώρησης χωρίς αλλαγή χρονοδιαγράμματος. Οι ημερομηνίες κληρονομούνται από την 23SYMV012964096.","23SYMV013156865 | 23SYMV012964096 | 6ΛΑΚ4653Π8-ΜΞ6","https://cerpp.eprocurement.gov.gr/khmdhs-opendata/contract/attachment/23SYMV013156865 | https://cerpp.eprocurement.gov.gr/khmdhs-opendata/contract/attachment/23SYMV012964096 | https://diavgeia.gov.gr/doc/6ΛΑΚ4653Π8-ΜΞ6",2026-08-12
23SYMV012992150,,original,Δασαρχείο Αιγάλεω,2023-12-13,derived_from_installation_and_duration,2024-01-25,actual_completion_no_extension_found,"Η αρχική λήξη υπολογίζεται ως τρεις μήνες από την εγκατάσταση της 13.09.2023. Η 25.01.2024 είναι βεβαίωση περαίωσης για το Αιγάλεω· η παράταση έως 21.12.2023 αφορούσε μόνο Καπανδρίτι και Λαύριο.","23SYMV012992150 | ΨΞΠΝ4653Π8-ΤΣΧ | Ψ8Δ84653Π8-4ΔΚ","https://cerpp.eprocurement.gov.gr/khmdhs-opendata/contract/attachment/23SYMV012992150 | https://diavgeia.gov.gr/doc/ΨΞΠΝ4653Π8-ΤΣΧ | https://diavgeia.gov.gr/doc/Ψ8Δ84653Π8-4ΔΚ",2026-08-12
24SYMV014192335,,original,Δασαρχείο Αιγάλεω — κύριες εργασίες εκτός φυτεύσεων,2024-07-04,explicit_in_extension_decision,2024-09-05,approved_extension,"Η αρχική λήξη 04.07.2024 και η παράταση έως 05.09.2024 καταγράφονται στις πράξεις. Η βεβαίωση περαίωσης των λοιπών εργασιών είναι 11.10.2024.","24SYMV014192335 | 99Ζ24653Π8-Α17 | 9Κ2Η4653Π8-ΟΩΨ","https://cerpp.eprocurement.gov.gr/khmdhs-opendata/contract/attachment/24SYMV014192335 | https://diavgeia.gov.gr/doc/99Ζ24653Π8-Α17 | https://diavgeia.gov.gr/doc/9Κ2Η4653Π8-ΟΩΨ",2026-08-12
24SYMV014192335,,original,Δασαρχείο Αιγάλεω — προμήθεια μεταφορά και φύτευση πλατύφυλλων,2024-07-04,explicit_in_extension_decision,2024-12-31,approved_extension,"Η τελική παράταση έως 31.12.2024 αφορά μόνο την προμήθεια μεταφορά και φύτευση πλατύφυλλων. Η μεταγενέστερη συντήρηση των φυτεύσεων δεν αποτελεί παράταση εκτέλεσης αυτών των εργασιών.","24SYMV014192335 | ΨΑ5Υ4653Π8-8ΦΖ","https://cerpp.eprocurement.gov.gr/khmdhs-opendata/contract/attachment/24SYMV014192335 | https://diavgeia.gov.gr/doc/ΨΑ5Υ4653Π8-8ΦΖ",2026-08-12
24SYMV014217833,,original,Δασαρχείο Μεγάρων,2024-06-08,derived_from_installation_and_duration,2025-11-30,actual_completion_with_unresolved_deadline_chain,"Η αρχική λήξη υπολογίζεται ως τρεις μήνες από το πρωτόκολλο εγκατάστασης της 08.03.2024. Η βεβαίωση αναφέρει περάτωση 30.11.2025 εντός προθεσμίας αλλά δεν εντοπίστηκε πράξη που να τεκμηριώνει πλήρως τη μεταβολή της προθεσμίας. Η σύμβαση περιλαμβάνει και 15 μήνες συντήρησης πλατύφυλλων.","24SYMV014217833 | ΨΗΨΜ4653Π8-3ΜΠ","https://cerpp.eprocurement.gov.gr/khmdhs-opendata/contract/attachment/24SYMV014217833 | https://diavgeia.gov.gr/doc/ΨΗΨΜ4653Π8-3ΜΠ",2026-08-12
24SYMV014223991,,original,Δασαρχεία Αιγάλεω και Μεγάρων,2024-06-22,derived_from_installation_and_duration,2024-07-30,actual_completion_no_extension_found,"Η αρχική λήξη υπολογίζεται ως τρεις μήνες από τα πρωτόκολλα εγκατάστασης της 22.03.2024. Η βεβαίωση περαίωσης είναι 30.07.2024· δεν εντοπίστηκε χωριστή πράξη παράτασης. Ακολούθησε υποχρεωτική συντήρηση και μεταγενέστερη παραλαβή.","24SYMV014223991 | 6ΣΧΡ4653Π8-ΤΜΒ | 6ΤΑΨ4653Π8-9ΓΝ","https://cerpp.eprocurement.gov.gr/khmdhs-opendata/contract/attachment/24SYMV014223991 | https://diavgeia.gov.gr/doc/6ΣΧΡ4653Π8-ΤΜΒ | https://diavgeia.gov.gr/doc/6ΤΑΨ4653Π8-9ΓΝ",2026-08-12
24SYMV014447969,,original,Δασαρχείο Μεγάρων,2024-07-05,derived_from_installation_and_duration,2024-07-05,no_later_extension_identified,"Η τρίμηνη λήξη υπολογίζεται από το πρωτόκολλο εγκατάστασης της 05.04.2024. Η τελική επιμέτρηση υποβλήθηκε 27.06.2024 και εγκρίθηκε 02.07.2024. Δεν εντοπίστηκε μεταγενέστερη παράταση για το τμήμα Μεγάρων.","24SYMV014447969 | ΨΖ2Ε4653Π8-2ΤΘ","https://cerpp.eprocurement.gov.gr/khmdhs-opendata/contract/attachment/24SYMV014447969 | https://diavgeia.gov.gr/doc/ΨΖ2Ε4653Π8-2ΤΘ",2026-08-12
24SYMV014662191,,original,Σύμβαση ΔΜ-01 — Καπανδρίτι Πεντέλη και Αιγάλεω,2024-11-23,derived_from_signature_and_duration,2025-03-08,approved_contract_validity_extension,"Η αρχική επτάμηνη διάρκεια έληγε 23.11.2024. Παρατάθηκε πρώτα έως 23.01.2025 και κατόπιν κατά 45 ημέρες έως 08.03.2025. Η ενδιάμεση προθεσμία υποβολής των μελετών είχε οριστεί 13.11.2024.","24SYMV014662191 | 6Σ2Τ4653Π8-Ξ6Η | ΡΡΚΣ4653Π8-ΗΨ9 | 9ΛΘ64653Π8-ΚΝΣ","https://cerpp.eprocurement.gov.gr/khmdhs-opendata/contract/attachment/24SYMV014662191 | https://diavgeia.gov.gr/doc/6Σ2Τ4653Π8-Ξ6Η | https://diavgeia.gov.gr/doc/ΡΡΚΣ4653Π8-ΗΨ9 | https://diavgeia.gov.gr/doc/9ΛΘ64653Π8-ΚΝΣ",2026-08-12
24SYMV014662244,,original,Σύμβαση ΔΜ-02 — Πάρνηθα και Μέγαρα,2024-11-23,derived_from_signature_and_duration,2025-03-08,approved_contract_validity_extension,"Η αρχική επτάμηνη διάρκεια έληγε 23.11.2024. Παρατάθηκε πρώτα έως 23.01.2025 και κατόπιν κατά 45 ημέρες έως 08.03.2025. Η ενδιάμεση προθεσμία υποβολής των μελετών είχε οριστεί 13.11.2024.","24SYMV014662244 | 6Μ8Φ4653Π8-1Υ2 | ΡΡΚΣ4653Π8-ΗΨ9 | 9ΛΘ64653Π8-ΚΝΣ","https://cerpp.eprocurement.gov.gr/khmdhs-opendata/contract/attachment/24SYMV014662244 | https://diavgeia.gov.gr/doc/6Μ8Φ4653Π8-1Υ2 | https://diavgeia.gov.gr/doc/ΡΡΚΣ4653Π8-ΗΨ9 | https://diavgeia.gov.gr/doc/9ΛΘ64653Π8-ΚΝΣ",2026-08-12
24SYMV015170089,,original,Σύνολο σύμβασης σχεδίου αντιπυρικής προστασίας,2025-05-22,derived_from_signature_and_duration,2025-06-30,actual_approval_no_overall_extension_found,"Η δεκάμηνη αρχική διάρκεια υπολογίζεται από την υπογραφή της 22.07.2024. Η προμελέτη παρατάθηκε από 22.10.2024 έως 20.12.2024. Δεν εντοπίστηκε παράταση της συνολικής διάρκειας· το σχέδιο εγκρίθηκε 30.06.2025.","24SYMV015170089 | 9ΥΟΕ4653Π8-ΠΘ7 | 636Ο4653Π8-Ο9Υ","https://cerpp.eprocurement.gov.gr/khmdhs-opendata/contract/attachment/24SYMV015170089 | https://diavgeia.gov.gr/doc/9ΥΟΕ4653Π8-ΠΘ7 | https://diavgeia.gov.gr/doc/636Ο4653Π8-Ο9Υ",2026-08-12
24SYMV015170089,,original,Στάδιο προμελέτης,2024-10-22,explicit_contract_stage_deadline,2024-12-20,approved_partial_extension,"Η παράταση αφορά το στάδιο της προμελέτης και όχι ρητή μεταβολή της συνολικής δεκάμηνης διάρκειας.","24SYMV015170089 | 9ΥΟΕ4653Π8-ΠΘ7","https://cerpp.eprocurement.gov.gr/khmdhs-opendata/contract/attachment/24SYMV015170089 | https://diavgeia.gov.gr/doc/9ΥΟΕ4653Π8-ΠΘ7",2026-08-12
24SYMV016017961,,original,Σύνολο σύμβασης σχεδίου αντιπυρικής προστασίας Αιγάλεω,2025-10-13,derived_from_signature_and_duration,2025-12-04,actual_approval_no_extension_found,"Η δεκάμηνη αρχική διάρκεια υπολογίζεται από την υπογραφή της 13.12.2024. Δεν εντοπίστηκε πράξη παράτασης στα επτά αρχειοθετημένα αποτελέσματα. Η οριστική μελέτη υποβλήθηκε 11.07.2025 και εγκρίθηκε 04.12.2025.","24SYMV016017961 | ΨΛ1Β4653Π8-Φ9Δ","https://cerpp.eprocurement.gov.gr/khmdhs-opendata/contract/attachment/24SYMV016017961 | https://diavgeia.gov.gr/doc/ΨΛ1Β4653Π8-Φ9Δ",2026-08-12
25SYMV016570021,,original,Δασαρχείο Αιγάλεω,2025-08-28,derived_from_installation_and_duration,2026-07-22,approved_extension,"Η αρχική λήξη υπολογίζεται ως τρεις μήνες από την εγκατάσταση της 28.05.2025. Με διαδοχικές παρατάσεις η τελευταία πράξη εγκρίνει 22.07.2026. Το αίτημα ανέφερε 31.07.2026 αλλά το διατακτικό ορίζει 22.07.2026.","25SYMV016570021 | Ψ5Ξ64653Π8-ΖΑΩ | ΨΕ584653Π8-3Ψ8 | 68ΘΔ4653Π8-ΟΕ7","https://cerpp.eprocurement.gov.gr/khmdhs-opendata/contract/attachment/25SYMV016570021 | https://diavgeia.gov.gr/doc/Ψ5Ξ64653Π8-ΖΑΩ | https://diavgeia.gov.gr/doc/ΨΕ584653Π8-3Ψ8 | https://diavgeia.gov.gr/doc/68ΘΔ4653Π8-ΟΕ7",2026-08-12
25SYMV016570021,,original,Δασαρχείο Μεγάρων,2025-09-03,derived_from_installation_and_duration,2026-05-31,approved_extension,"Η αρχική λήξη υπολογίζεται ως τρεις μήνες από την εγκατάσταση της 03.06.2025. Η τελευταία ρητή εγκεκριμένη λήξη που εντοπίστηκε για τα Μέγαρα είναι 31.05.2026.","25SYMV016570021 | Ψ5Ξ64653Π8-ΖΑΩ | 91ΥΑ4653Π8-ΛΤΜ","https://cerpp.eprocurement.gov.gr/khmdhs-opendata/contract/attachment/25SYMV016570021 | https://diavgeia.gov.gr/doc/Ψ5Ξ64653Π8-ΖΑΩ | https://diavgeia.gov.gr/doc/91ΥΑ4653Π8-ΛΤΜ",2026-08-12
25SYMV017345053,,original,Αιγάλεω και Μέγαρα — εργασίες ανά Εντολή Ανάθεσης,,per_work_order_unknown,,per_work_order_unknown,"Η σύμβαση δεν έχει μία ενιαία ημερομηνία λήξης. Κάθε εργασία ενεργοποιείται με χωριστή Εντολή Ανάθεσης που ορίζει τη δική της προθεσμία. Δεν τεκμηριώθηκε εντολή εκτέλεσης για Αιγάλεω ή Μέγαρα στο αρχειοθετημένο σύνολο.",25SYMV017345053,https://cerpp.eprocurement.gov.gr/khmdhs-opendata/contract/attachment/25SYMV017345053,2026-08-12
25SYMV017471439,,original,Δασαρχείο Αιγάλεω,2026-02-20,derived_from_installation_and_duration,2026-05-26,approved_updated_schedule,"Η αρχική λήξη υπολογίζεται ως τρεις μήνες από την εγκατάσταση της 20.11.2025. Μετά από αναστολές και παρατάσεις το τελευταίο εγκεκριμένο χρονοδιάγραμμα αναγράφει προβλεπόμενο πέρας 26.05.2026.","25SYMV017471439 | 9ΤΖ74653Π8-ΛΙ5 | 6ΧΖΟ4653Π8-3ΧΠ | 65ΕΔ4653Π8-ΝΜΕ","https://cerpp.eprocurement.gov.gr/khmdhs-opendata/contract/attachment/25SYMV017471439 | https://diavgeia.gov.gr/doc/9ΤΖ74653Π8-ΛΙ5 | https://diavgeia.gov.gr/doc/6ΧΖΟ4653Π8-3ΧΠ | https://diavgeia.gov.gr/doc/65ΕΔ4653Π8-ΝΜΕ",2026-08-12
25SYMV017471439,,original,Δασαρχείο Μεγάρων,2026-02-19,derived_from_installation_and_duration,2026-05-26,approved_updated_schedule,"Η αρχική λήξη υπολογίζεται ως τρεις μήνες από την εγκατάσταση της 19.11.2025. Μετά από αναστολές και παρατάσεις το τελευταίο εγκεκριμένο χρονοδιάγραμμα αναγράφει προβλεπόμενο πέρας 26.05.2026.","25SYMV017471439 | 9ΤΖ74653Π8-ΛΙ5 | ΡΤΦ44653Π8-Υ2Β | 65ΕΔ4653Π8-ΝΜΕ","https://cerpp.eprocurement.gov.gr/khmdhs-opendata/contract/attachment/25SYMV017471439 | https://diavgeia.gov.gr/doc/9ΤΖ74653Π8-ΛΙ5 | https://diavgeia.gov.gr/doc/ΡΤΦ44653Π8-Υ2Β | https://diavgeia.gov.gr/doc/65ΕΔ4653Π8-ΝΜΕ",2026-08-12
26SYMV018936694,25SYMV017471439,supplement,Συμπληρωματικές εργασίες Αιγάλεω και Μεγάρων,2026-05-26,explicit_supplement_deadline,2026-05-26,no_later_extension_identified,"Η συμπληρωματική πράξη ορίζει 20 ημερολογιακές ημέρες από την υπογραφή. Τα εγκεκριμένα χρονοδιαγράμματα Αιγάλεω και Μεγάρων αναγράφουν πέρας 26.05.2026.","26SYMV018936694 | 65ΕΔ4653Π8-ΝΜΕ | 6ΧΖΟ4653Π8-3ΧΠ | ΡΤΦ44653Π8-Υ2Β","https://cerpp.eprocurement.gov.gr/khmdhs-opendata/contract/attachment/26SYMV018936694 | https://diavgeia.gov.gr/doc/65ΕΔ4653Π8-ΝΜΕ | https://diavgeia.gov.gr/doc/6ΧΖΟ4653Π8-3ΧΠ | https://diavgeia.gov.gr/doc/ΡΤΦ44653Π8-Υ2Β",2026-08-12
26SYMV018978343,25SYMV017345053,supplement,Συμπληρωματικές εργασίες Δασαρχείου Χαλκίδας,2026-05-20,explicit_supplement_deadline,2026-05-20,no_later_extension_identified,"Η πράξη ορίζει ρητά πέρας έως 20.05.2026 ή 13 ημέρες από την υπογραφή. Αφορά τη Χαλκίδα και διατηρείται στην ανάλυση μόνο ως σύνδεση με τη μητρική σύμβαση.","26SYMV018978343 | 6Ν464653Π8-Ω6Ρ","https://cerpp.eprocurement.gov.gr/khmdhs-opendata/contract/attachment/26SYMV018978343 | https://diavgeia.gov.gr/doc/6Ν464653Π8-Ω6Ρ",2026-08-12
26SYMV018599431,,original,Δασαρχείο Αιγάλεω,2026-06-30,explicit_contract_cap,2026-07-20,approved_extension,"Η σύμβαση ορίζει αρχικό απώτατο όριο 30.06.2026. Η τμηματική παράταση για Αιγάλεω και Μέγαρα εγκρίθηκε έως 20.07.2026.","26SYMV018599431 | Ψ7Ψ34653Π8-Ε5Ι","https://cerpp.eprocurement.gov.gr/khmdhs-opendata/contract/attachment/26SYMV018599431 | https://diavgeia.gov.gr/doc/Ψ7Ψ34653Π8-Ε5Ι",2026-08-12
26SYMV018599431,,original,Δασαρχείο Μεγάρων,2026-06-30,explicit_contract_cap,2026-07-20,approved_extension,"Η σύμβαση ορίζει αρχικό απώτατο όριο 30.06.2026. Η τμηματική παράταση για Αιγάλεω και Μέγαρα εγκρίθηκε έως 20.07.2026.","26SYMV018599431 | Ψ7Ψ34653Π8-Ε5Ι","https://cerpp.eprocurement.gov.gr/khmdhs-opendata/contract/attachment/26SYMV018599431 | https://diavgeia.gov.gr/doc/Ψ7Ψ34653Π8-Ε5Ι",2026-08-12
